id,normalized_title,release_date,rating,times_listed,number_of_reviews,plays,playing,backlogs,wishlist
31cc8ffa339078cb,elden ring,2022-02-25,4.5,3900.0,3900.0,17000.0,3800.0,4600.0,4800.0
8ae0eb49b78c86ac,hades,2019-12-10,4.3,2900.0,2900.0,21000.0,3200.0,6300.0,3600.0
693b9ac6b20ded55,the legend of zelda breath of the wild,2017-03-03,4.4,4300.0,4300.0,30000.0,2500.0,5000.0,2600.0
0af8535462f8db9f,undertale,2015-09-15,4.2,3500.0,3500.0,28000.0,679.0,4900.0,1800.0
10f172c181b45c96,hollow knight,2017-02-24,4.4,3000.0,3000.0,21000.0,2400.0,8300.0,2300.0
3833438bd04fba8d,minecraft,2011-11-18,4.3,2300.0,2300.0,33000.0,1800.0,1100.0,230.0
9eb3c34f81ce58ef,omori,2020-12-25,4.2,1600.0,1600.0,7200.0,1100.0,4500.0,3800.0
e7fe2fdd9a119bba,metroid dread,2021-10-07,4.3,2100.0,2100.0,9200.0,759.0,3400.0,3300.0
0846c66934c2fd9a,among us,2018-06-15,3.0,867.0,867.0,25000.0,470.0,776.0,126.0
18d6822d06351269,nier automata,2017-02-23,4.3,2900.0,2900.0,18000.0,1100.0,6200.0,3600.0
60f75d179fcf43b4,persona 5 royal,2019-10-31,4.4,2700.0,2700.0,12000.0,2300.0,5100.0,3000.0
5b5747691b7ab44c,stray,2022-07-19,3.7,1500.0,1500.0,7700.0,801.0,2500.0,3400.0
aac3c89c95cb5082,god of war,2018-04-20,4.2,2900.0,2900.0,21000.0,1100.0,4800.0,2600.0
1c41b7c43a2c7668,portal 2,2011-04-18,4.4,2900.0,2900.0,29000.0,471.0,3900.0,1200.0
cb9e37058a8f014f,bloodborne,2015-03-24,4.5,3400.0,3400.0,17000.0,1100.0,5600.0,3300.0
27221fac13b0170b,celeste,2018-01-25,4.2,2800.0,2800.0,20000.0,1200.0,5900.0,2000.0
846d5e38d5873c08,yakuza 0,2015-03-12,4.4,2700.0,2700.0,15000.0,1800.0,6400.0,2000.0
acba8fbfea26a3ff,red dead redemption 2,2018-10-26,4.4,2900.0,2900.0,19000.0,1700.0,5500.0,2900.0
d91ef68b4ade8341,portal,2007-10-10,4.1,2000.0,2000.0,28000.0,244.0,2700.0,1100.0
8322fb933c39d939,super mario odyssey,2017-10-27,4.2,2900.0,2900.0,25000.0,710.0,2900.0,2000.0
ef96407428dc4162,pokémon legends arceus,2022-01-28,3.7,1600.0,1600.0,9100.0,1600.0,2500.0,2100.0
624220e1828767c6,hi fi rush,2023-01-25,4.3,926.0,926.0,3000.0,866.0,1500.0,2000.0
8a562ebdb74bbab8,metal gear rising revengeance,2013-02-19,4.1,2100.0,2100.0,14000.0,492.0,4200.0,2000.0
0a5cb746a4784355,grand theft auto 5,2013-09-17,3.8,2100.0,2100.0,30000.0,829.0,3200.0,664.0
183ebdfe9499750e,cyberpunk 2077,2020-12-09,3.3,1500.0,1500.0,13000.0,1500.0,4700.0,2900.0
89ef99f600bb90b7,god of war ragnarök,2022-11-09,4.4,1700.0,1700.0,5300.0,801.0,2000.0,3300.0
fee48940e4fe00ff,xenoblade chronicles 3,2022-07-29,4.4,1400.0,1400.0,3900.0,795.0,2100.0,2200.0
c5fa85d4cf308804,kirby and the forgotten land,2022-03-25,4.2,1600.0,1600.0,5900.0,955.0,2500.0,3100.0
fa9f159695a079ad,disco elysium the final cut,2020-05-01,4.6,1100.0,1100.0,6000.0,1200.0,5000.0,2700.0
53114f8679f237da,marvel's spider man,2018-09-07,4.1,2500.0,2500.0,21000.0,577.0,2900.0,2200.0
dc32c08d8970eee5,dark souls 3,2016-03-24,4.2,2400.0,2400.0,19000.0,851.0,4300.0,2200.0
dda51954ba280b45,nier replicant ver.1.22474487139...,2021-04-22,4.2,1500.0,1500.0,6700.0,880.0,4100.0,3700.0
d5cf980a3a465a2c,super mario 64,1996-06-23,4.1,2600.0,2600.0,21000.0,463.0,2500.0,775.0
1a60c4bd2a663a59,super smash bros. ultimate,2018-12-07,4.1,2500.0,2500.0,25000.0,1200.0,1100.0,801.0
8df474b1f3075b65,cuphead,2017-09-29,4.1,1900.0,1900.0,18000.0,1200.0,4500.0,2600.0
55c67fad3e2aec0b,sekiro shadows die twice,2019-03-22,4.4,2300.0,2300.0,14000.0,919.0,4800.0,3400.0
9a17a593e1cddc20,final fantasy 7,1997-01-31,4.2,2900.0,2900.0,15000.0,1100.0,5000.0,1500.0
26cb66a14ffcacb0,persona 4 golden,2012-06-15,4.2,1900.0,1900.0,13000.0,1500.0,5200.0,2200.0
5beed094c61df592,genshin impact,2020-09-28,2.6,653.0,653.0,14000.0,2700.0,1300.0,280.0
65bed2a3e336c71f,signalis,2022-10-27,4.2,820.0,820.0,2200.0,419.0,1900.0,2200.0
c566e7b42088a7d9,resident evil village,2021-05-06,3.9,1800.0,1800.0,9900.0,333.0,2800.0,2800.0
e6891dba3958ee86,super mario galaxy,2007-11-01,4.3,2700.0,2700.0,21000.0,468.0,3100.0,1200.0
c04ab2aaa5fea9e7,fallout new vegas,2010-10-19,4.3,2000.0,2000.0,16000.0,756.0,5000.0,1400.0
81f2b89941c47762,outer wilds,2019-05-28,4.6,1800.0,1800.0,7700.0,661.0,4800.0,3100.0
aa3964cdc33f165d,resident evil 2,2019-01-25,4.3,2500.0,2500.0,15000.0,585.0,3600.0,1900.0
b7c6e99c6826edc5,doom,2016-05-12,4.0,1800.0,1800.0,18000.0,541.0,4000.0,1400.0
17996e36831d09c4,shin megami tensei 5,2021-11-12,3.8,1100.0,1100.0,4100.0,1000.0,3400.0,2600.0
87fcb0cc968de834,bayonetta,2009-10-29,3.9,1700.0,1700.0,13000.0,614.0,5000.0,2300.0
db70c5a3cd5fec4a,stardew valley,2016-02-26,4.1,1700.0,1700.0,20000.0,2000.0,3600.0,1100.0
0e687a5bf3034992,the last of us part 2,2020-06-19,4.1,2500.0,2500.0,13000.0,472.0,2800.0,2500.0
654e21434c106142,silent hill 2,2001-09-24,4.5,2200.0,2200.0,8600.0,282.0,2900.0,2100.0
9b0ed4842b21d1d1,the witcher 3 wild hunt,2015-05-19,4.3,2000.0,2000.0,17000.0,1200.0,6100.0,1600.0
742935e4267ad1ea,persona 5,2016-09-15,4.1,1800.0,1800.0,16000.0,630.0,2800.0,1700.0
3bc94c21e5ea4268,doom eternal,2020-03-19,4.2,1900.0,1900.0,12000.0,738.0,4600.0,2400.0
70cfbc4816b7bed7,the elder scrolls 5 skyrim,2011-11-10,3.7,1700.0,1700.0,22000.0,589.0,3000.0,1000.0
c22beb2dc5f8a41c,neon white,2022-06-16,4.1,868.0,868.0,2900.0,519.0,1800.0,2300.0
84b5c277c58f1802,devil may cry 5,2019-03-08,4.3,1900.0,1900.0,12000.0,524.0,4100.0,2400.0
b5691cf2399f55da,overwatch 2,2022-10-04,2.7,491.0,491.0,6600.0,1100.0,292.0,171.0
35d963894b407f39,resident evil 4,2005-01-11,4.3,2300.0,2300.0,14000.0,360.0,3000.0,1200.0
de661fcc0a8f5e4a,final fantasy 7 remake,2020-04-10,4.1,2000.0,2000.0,12000.0,898.0,4200.0,2200.0
b4e9721f9c988a2d,sonic frontiers,2022-11-08,3.6,974.0,974.0,2900.0,491.0,1300.0,1800.0
5699e41d6358ae26,inscryption,2021-10-19,4.1,1000.0,1000.0,5400.0,557.0,2300.0,2300.0
ea16a65641218014,tunic,2022-03-16,3.9,891.0,891.0,3400.0,489.0,2400.0,2600.0
a5febb93f9b2e2bd,dark souls,2011-09-22,4.3,2100.0,2100.0,14000.0,447.0,2500.0,1400.0
48b7e7dadefa8cc2,the legend of zelda ocarina of time,1998-11-21,4.3,2200.0,2200.0,17000.0,433.0,3000.0,1400.0
f669c62bc94ef6e2,deltarune chapter 2,2021-09-17,4.3,737.0,737.0,7500.0,222.0,2100.0,753.0
e8ea16b328a15138,chrono trigger,1995-03-11,4.5,1900.0,1900.0,9100.0,518.0,4900.0,2200.0
9e55f21933db0f25,metal gear solid 2 sons of liberty,2001-11-13,4.4,1800.0,1800.0,10000.0,161.0,2600.0,1400.0
c0dd461eeae008cf,super mario world,1990-11-21,4.2,2100.0,2100.0,18000.0,218.0,1700.0,460.0
e9713dc2799aecdf,death stranding,2019-11-08,3.9,1600.0,1600.0,9400.0,934.0,4800.0,2400.0
c04dc0c338856a6f,marvel's spider man miles morales,2020-11-12,3.9,1600.0,1600.0,9900.0,372.0,2800.0,2800.0
357b42b5ccd8c6fe,dark souls remastered,2018-05-23,4.3,1400.0,1400.0,11000.0,786.0,2600.0,1600.0
461f22fbe604ec2b,earthbound,1994-08-27,4.2,1900.0,1900.0,9000.0,600.0,4800.0,1800.0
29b7ce82daeba307,castlevania symphony of the night,1997-03-20,4.4,1900.0,1900.0,9100.0,316.0,3400.0,1700.0
3d757ff9c054d22e,super metroid,1994-03-19,4.3,2200.0,2200.0,11000.0,309.0,3000.0,907.0
4ccad22ace77b379,super mario bros.,1985-09-13,3.5,1500.0,1500.0,18000.0,59.0,733.0,237.0
c037c7625c28e835,the legend of zelda majora's mask,2000-04-27,4.4,2200.0,2200.0,13000.0,347.0,3900.0,1800.0
2822726c2e6d4520,star wars jedi fallen order,2019-11-15,3.7,1400.0,1400.0,13000.0,740.0,3700.0,1300.0
4278ffcbff039940,the last of us,2013-06-14,4.2,2000.0,2000.0,17000.0,205.0,2000.0,1400.0
78af40b082f7fb7c,terraria,2011-05-16,4.0,1300.0,1300.0,18000.0,673.0,2200.0,593.0
7a1b70ed4b61c15a,resident evil 7 biohazard,2017-01-24,3.9,1800.0,1800.0,13000.0,326.0,3100.0,1300.0
47d5fcff4c154dc9,metal gear solid 5 the phantom pain,2015-09-01,3.8,1500.0,1500.0,14000.0,503.0,4500.0,1200.0
971629d5c14da1bf,overwatch,2016-05-24,3.2,957.0,957.0,19000.0,436.0,411.0,214.0
b5d306220a617370,half life 2,2004-11-16,4.2,1700.0,1700.0,15000.0,257.0,3500.0,1000.0
9dc8639c4b970cee,fire emblem three houses,2019-07-25,4.0,1700.0,1700.0,12000.0,1100.0,3500.0,1500.0
f7c767fd28506827,grand theft auto san andreas,2004-10-26,4.1,1500.0,1500.0,19000.0,270.0,2400.0,742.0
4237b65a140936e1,13 sentinels aegis rim,2019-11-28,4.4,1200.0,1200.0,3700.0,466.0,3300.0,2500.0
92168ba7ea36e4ac,persona 3 fes,2007-04-19,4.1,1400.0,1400.0,8400.0,584.0,2900.0,1500.0
187f6eacb360ea0e,devil may cry,2001-08-23,3.5,1200.0,1200.0,10000.0,286.0,2500.0,1100.0
a7adce1ebd7f33e4,mario kart 8 deluxe,2017-04-28,4.0,1500.0,1500.0,19000.0,705.0,781.0,635.0
92b5ef7bdb37b860,fire emblem engage,2023-01-20,3.9,593.0,593.0,1600.0,874.0,929.0,1100.0
0b76c4142c09c65f,pokémon violet,2022-11-18,3.5,753.0,753.0,3400.0,868.0,747.0,750.0
41f027be94a6cd7f,hotline miami,2012-10-23,4.0,1400.0,1400.0,14000.0,217.0,2400.0,928.0
c785cdac41f542f8,pizza tower,2023-01-26,4.5,363.0,363.0,1200.0,325.0,777.0,1300.0
90c97a52406e0761,psychonauts 2,2021-08-24,4.2,1200.0,1200.0,4300.0,315.0,2800.0,2300.0
b97ad3c3947e213c,metroid prime remastered,2023-02-08,4.5,372.0,372.0,1100.0,593.0,1100.0,1400.0
a840fc846b7783bf,halo infinite,2021-11-15,3.3,972.0,972.0,6400.0,632.0,1600.0,959.0
8c9d81a90a6ed2ad,batman arkham asylum,2009-08-25,3.9,1400.0,1400.0,17000.0,232.0,2300.0,672.0
d3c5fbf1baf448a7,super mario sunshine,2002-07-19,3.7,1700.0,1700.0,14000.0,403.0,3300.0,1000.0
aa37071d81bdc33c,mother 3,2006-04-20,4.5,1600.0,1600.0,5700.0,287.0,3600.0,1900.0
02bfc8acf4766aa4,multiversus,2022-07-19,2.8,480.0,480.0,5600.0,341.0,361.0,216.0
ee180754d4369f68,xenoblade chronicles definitive edition,2020-05-29,4.3,1400.0,1400.0,7400.0,849.0,3600.0,1900.0
d46cb8314aa8439a,half life,1998-11-19,4.0,1300.0,1300.0,13000.0,322.0,2900.0,892.0
52fd2c9b5c4e3ef6,marvel's guardians of the galaxy,2021-10-26,3.8,1100.0,1100.0,5100.0,432.0,2100.0,1300.0
9a9a6a5d57c1f807,danganronpa trigger happy havoc,2010-11-25,3.5,1000.0,1000.0,12000.0,311.0,1900.0,716.0
107b7a922be9e9ec,cult of the lamb,2022-08-11,3.6,589.0,589.0,2800.0,546.0,1600.0,2100.0
bd3e3f261258b008,sonic mania,2017-08-15,4.0,1300.0,1300.0,12000.0,399.0,3500.0,786.0
626d53b431f9a608,horizon zero dawn,2017-02-28,3.6,1200.0,1200.0,13000.0,689.0,4000.0,1400.0
3767f7841dccd0e3,left 4 dead 2,2009-11-17,3.9,1100.0,1100.0,19000.0,279.0,1500.0,358.0
45b03866afef1b88,league of legends,2009-10-27,2.1,484.0,484.0,13000.0,1200.0,324.0,52.0
4b92befebf721b21,control,2019-08-27,3.6,1300.0,1300.0,9600.0,591.0,5200.0,1300.0
7b8e4f2db6132d2c,doki doki literature club!,2017-09-22,3.3,783.0,783.0,14000.0,131.0,1500.0,460.0
6a26ae0bdfc8044f,batman arkham city,2011-10-18,4.1,1600.0,1600.0,16000.0,192.0,2700.0,651.0
594539409247ec1f,yakuza kiwami,2016-01-21,3.7,1200.0,1200.0,9700.0,439.0,3400.0,1000.0
7619023483aab15d,phoenix wright ace attorney,2005-09-15,4.1,1300.0,1300.0,12000.0,418.0,1900.0,1000.0
5948573e8e532ed3,team fortress 2,2007-10-09,3.9,955.0,955.0,16000.0,505.0,532.0,158.0
12aa916e14ee3ef6,xenoblade chronicles 2,2017-12-01,3.9,1400.0,1400.0,7400.0,453.0,2700.0,1500.0
e3e8c3b9d389f48f,splatoon 3,2022-09-09,4.1,840.0,840.0,3500.0,1000.0,632.0,1100.0
9f1818755468447a,chrome dino,2014-09-01,3.5,124.0,124.0,14000.0,122.0,197.0,35.0
1f2d38e3793c5a6c,katana zero,2019-04-18,4.1,1100.0,1100.0,9300.0,189.0,2100.0,1500.0
66047ac4a67c50a9,life is strange,2015-01-29,3.4,1400.0,1400.0,15000.0,209.0,2100.0,817.0
e075f30cc06b05a9,dark souls 2 scholar of the first sin,2015-04-02,3.5,988.0,988.0,11000.0,443.0,2700.0,994.0
a16985341e1b8b87,deathloop,2021-09-14,3.5,897.0,897.0,4200.0,389.0,2400.0,1900.0
07d13847f64b3746,shadow of the colossus,2005-10-18,4.4,1500.0,1500.0,10000.0,134.0,2900.0,1700.0
7aca7914e33f285e,teenage mutant ninja turtles shredder's revenge,2022-06-16,3.8,880.0,880.0,3500.0,226.0,875.0,829.0
141ee7ce97ffbf98,sifu,2022-02-08,3.8,633.0,633.0,2700.0,283.0,1700.0,2300.0
429d0b6c349b8cd3,super mario bros. 3,1988-10-23,4.0,1600.0,1600.0,14000.0,109.0,1400.0,362.0
00c184c017bad775,dishonored,2012-10-09,3.9,1100.0,1100.0,14000.0,268.0,3100.0,866.0
aca5210aab655ace,metal gear solid 3 snake eater,2004-11-17,4.5,1500.0,1500.0,9200.0,118.0,2400.0,1300.0
3077bea637d3f1ce,journey,2012-03-13,3.9,1500.0,1500.0,12000.0,94.0,2700.0,1700.0
a54f585483ea51b6,kingdom hearts,2002-03-28,3.6,1300.0,1300.0,12000.0,266.0,2100.0,1000.0
ab547b4ea091f1e1,titanfall 2,2016-10-28,4.1,1300.0,1300.0,12000.0,163.0,2100.0,656.0
958096c5e7f4a7ce,doom,1993-12-10,4.0,1400.0,1400.0,11000.0,203.0,1500.0,514.0
2bcce863bfad5db3,live a live,2022-07-22,4.1,555.0,555.0,1100.0,235.0,1700.0,1900.0
ea553918c9885efb,the last of us remastered,2014-07-26,4.3,1100.0,1100.0,12000.0,258.0,1800.0,682.0
05cc48f473cdf129,sonic the hedgehog,1991-06-23,3.1,1100.0,1100.0,12000.0,60.0,804.0,243.0
49116921a53ff84b,rocket league,2015-07-06,3.4,917.0,917.0,17000.0,564.0,698.0,113.0
60f90ab6a3214a95,batman arkham knight,2015-06-23,3.7,1200.0,1200.0,13000.0,279.0,3400.0,757.0
b7f45ae818434ce0,bayonetta 3,2022-10-28,3.7,690.0,690.0,1600.0,235.0,1600.0,2200.0
897cae5da2b211df,disco elysium,2019-10-15,4.6,1100.0,1100.0,4000.0,478.0,2800.0,1900.0
c80cd2f9b1352812,guilty gear strive,2021-06-11,3.9,810.0,810.0,5500.0,713.0,805.0,1200.0
0c4ddd7bbad81daf,wii sports,2006-11-19,3.7,775.0,775.0,18000.0,39.0,320.0,93.0
1e592f4f42f7ec69,hogwarts legacy,2023-02-10,3.5,474.0,474.0,1400.0,766.0,686.0,1600.0
b99bdf26b05b1fb2,mario kart wii,2008-04-10,3.9,1000.0,1000.0,19000.0,88.0,461.0,168.0
98d76e96e2b684d0,resident evil 3,2020-04-03,3.2,1300.0,1300.0,8400.0,157.0,2400.0,1600.0
75452fa639d8c286,unpacking,2021-11-02,3.6,751.0,751.0,4900.0,216.0,996.0,1300.0
b48904333db48212,red dead redemption,2010-05-18,4.2,1500.0,1500.0,13000.0,218.0,2400.0,1600.0
27c5ff0dd3742627,tales of arise,2021-09-10,3.6,650.0,650.0,3100.0,571.0,2300.0,1900.0
29b8545ecd26b632,deltarune chapter 1,2018-10-31,3.9,591.0,591.0,11000.0,107.0,1800.0,729.0
5bfbe89c5c0605a5,dead space,2023-01-27,4.3,501.0,501.0,1300.0,248.0,985.0,1900.0
877450bfee584bda,tomb raider,2013-03-04,3.5,896.0,896.0,15000.0,175.0,2700.0,508.0
e893c1010081dc1c,super mario galaxy 2,2010-05-23,4.3,1800.0,1800.0,13000.0,123.0,2500.0,1300.0
9fe801b49ac49f00,donkey kong country,1994-11-18,3.9,1300.0,1300.0,11000.0,186.0,1900.0,514.0
bb01fb3d9394ce3e,what remains of edith finch,2017-04-24,4.0,1400.0,1400.0,8600.0,61.0,2200.0,1300.0
08e5d4b18457e034,monster hunter rise,2021-03-26,4.0,789.0,789.0,5700.0,1100.0,1800.0,1300.0
6d868c3a9dc2ef34,pokémon emerald,2004-09-16,4.0,1200.0,1200.0,16000.0,219.0,1000.0,376.0
a281c9bfec6f15f1,neo the world ends with you,2021-07-26,4.2,725.0,725.0,2500.0,357.0,2400.0,2000.0
e2fcc69a1ae8d52e,assassin's creed 2,2009-11-17,3.8,1300.0,1300.0,16000.0,140.0,1500.0,521.0
57b37711c7dfdfc6,pokémon scarlet,2022-11-18,3.5,596.0,596.0,2600.0,580.0,489.0,496.0
e90cfe3370ef52c8,dead space,2008-10-14,4.0,1200.0,1200.0,9600.0,302.0,2700.0,1100.0
5616276dd69ede81,new super mario bros.,2006-05-15,3.5,991.0,991.0,16000.0,108.0,824.0,287.0
d640ab544f08e97f,shadow of the colossus,2018-02-06,4.1,1100.0,1100.0,7800.0,242.0,3200.0,1600.0
0e1f10dea814eb33,horizon forbidden west,2022-02-18,3.8,830.0,830.0,2700.0,561.0,2100.0,2300.0
4f2184c7e6f31c0d,god of war,2005-03-22,3.6,981.0,981.0,11000.0,158.0,1500.0,896.0
fa191e68c31a257c,detroit become human,2018-05-25,3.5,1000.0,1000.0,11000.0,216.0,2200.0,1300.0
691c13bfd39f0923,final fantasy xv,2016-11-29,3.3,1100.0,1100.0,11000.0,374.0,3200.0,1100.0
8b8307d4b8b7c766,persona 5 strikers,2020-02-20,3.7,993.0,993.0,5100.0,779.0,3600.0,1600.0
770ce0c3ee5c1453,limbo,2010-07-21,3.5,965.0,965.0,13000.0,129.0,2200.0,852.0
60f738ae55f076fa,pokémon platinum,2008-09-13,4.1,1400.0,1400.0,14000.0,254.0,1300.0,461.0
8b552815ab8bd47f,stranger of paradise final fantasy origin,2022-03-18,3.6,607.0,607.0,1600.0,180.0,1300.0,1400.0
2c07be4597c1962d,killer7,2005-06-09,4.3,1200.0,1200.0,2800.0,237.0,2500.0,1300.0
4a9c6ff48c4dae65,grand theft auto 4,2008-04-29,3.8,1100.0,1100.0,14000.0,258.0,1900.0,721.0
f63a67b1c5e20ea7,metroid zero mission,2004-02-09,4.0,1200.0,1200.0,7500.0,148.0,1500.0,700.0
93e1dcef16b6659d,final fantasy 10,2001-07-19,4.1,1500.0,1500.0,8500.0,330.0,2900.0,990.0
9bcd43bfb27a85b1,danganronpa 2 goodbye despair,2012-07-26,3.9,972.0,972.0,9900.0,288.0,1800.0,605.0
0f5702bd833f5a3b,final fantasy 9,2000-07-07,4.3,1600.0,1600.0,6800.0,350.0,3600.0,1200.0
23fc9b02d8f3d95d,halo 3,2007-09-25,4.2,1600.0,1600.0,12000.0,101.0,1500.0,528.0
c507bfb906375077,metroid fusion,2002-11-17,4.0,1300.0,1300.0,7900.0,146.0,2000.0,799.0
bf48fb575e423048,final fantasy 6,1994-04-02,4.4,1600.0,1600.0,6100.0,312.0,3300.0,1300.0
8af3000aeccd8fcb,va 11 hall a cyberpunk bartender action,2016-06-21,4.1,940.0,940.0,5400.0,469.0,2800.0,1500.0
4c112384481154d8,dead cells,2018-08-06,3.8,802.0,802.0,9200.0,737.0,2800.0,1400.0
f9fa0f1e44fd625a,far cry 3,2012-11-28,3.7,983.0,983.0,14000.0,188.0,1900.0,660.0
ffc6feb47f31ab46,the stanley parable ultra deluxe,2022-04-27,4.1,592.0,592.0,3200.0,141.0,1100.0,1300.0
527b347a4cfe05ec,superhot,2016-02-25,3.7,835.0,835.0,12000.0,95.0,1700.0,842.0
9c4e9fb0de9f3343,plants vs. zombies,2009-05-05,3.7,719.0,719.0,14000.0,117.0,493.0,82.0
4c3dae579dca3256,ori and the blind forest,2015-03-11,3.9,780.0,780.0,7900.0,260.0,2900.0,1400.0
7b1188270e563e54,demon's souls,2020-11-12,3.9,880.0,880.0,4100.0,403.0,2400.0,2100.0
559be9b53963e345,a plague tale innocence,2019-05-14,3.7,852.0,852.0,5400.0,202.0,2600.0,1000.0
641ebce80064cd41,the legend of zelda link's awakening,2019-09-20,3.9,1100.0,1100.0,7600.0,387.0,2800.0,2000.0
c720f274a378b797,assassin's creed,2007-11-13,2.9,801.0,801.0,13000.0,118.0,1200.0,496.0
2d0f8e88ffcdd006,judgment,2018-12-13,4.1,890.0,890.0,3100.0,358.0,2300.0,1600.0
782068ba22444df6,call of duty black ops,2010-11-09,3.7,920.0,920.0,14000.0,44.0,611.0,318.0
086f0bc07c98ed57,ratchet & clank rift apart,2021-06-11,4.0,906.0,906.0,3700.0,218.0,1500.0,1700.0
3207be09f0cb334e,pokémon black,2010-09-18,4.0,1000.0,1000.0,12000.0,186.0,1100.0,461.0
c69ab9a5a571ccef,the stanley parable,2013-10-17,3.8,767.0,767.0,10000.0,46.0,1300.0,833.0
eca23f8632efb114,the legend of zelda,1986-02-21,3.2,1200.0,1200.0,9300.0,132.0,1500.0,463.0
055dac9a6a7e9400,ai the somnium files nirvana initiative,2022-06-23,3.9,455.0,455.0,1500.0,139.0,835.0,811.0
ad6a46cc23311785,ghost trick phantom detective,2010-06-19,4.4,830.0,830.0,3600.0,149.0,1800.0,1200.0
6a51e872a509984b,dragon quest xi s echoes of an elusive age definitive edition,2019-09-27,4.2,880.0,880.0,4700.0,748.0,3100.0,1200.0
da379202e9df6526,paper mario the thousand year door,2004-07-22,4.4,1300.0,1300.0,6700.0,187.0,2900.0,1500.0
284e9fb5426fd482,god of war 2,2007-03-13,4.0,936.0,936.0,9300.0,89.0,1300.0,687.0
5c85c8014d9162d3,mass effect 2,2010-01-26,4.3,1300.0,1300.0,9600.0,107.0,1900.0,645.0
594c1bf811d6f186,forza horizon 5,2021-11-09,3.8,589.0,589.0,4600.0,589.0,712.0,594.0
9bcd44a00704291b,metal gear solid 5 ground zeroes,2014-03-18,3.3,650.0,650.0,9500.0,53.0,1700.0,549.0
a740f35c8b34aa92,no more heroes 3,2021-08-27,3.9,604.0,604.0,1600.0,109.0,1500.0,1400.0
9d3028a1440e404c,banjo kazooie,1998-06-29,4.0,1200.0,1200.0,7400.0,205.0,2100.0,765.0
4b4847842a43e72d,astro's playroom,2020-11-12,4.0,914.0,914.0,5700.0,82.0,358.0,249.0
6b12b4ca85cce61d,call of duty black ops 2,2012-11-12,3.8,903.0,903.0,13000.0,57.0,626.0,286.0
cf78b9ffd80cd792,the legend of zelda skyward sword hd,2021-07-16,3.8,639.0,639.0,3700.0,444.0,2300.0,1300.0
075ca276e99a819b,mega man 10,1993-12-17,4.1,1200.0,1200.0,6900.0,76.0,1100.0,385.0
776b4e4751c5effb,subnautica,2018-01-23,3.8,712.0,712.0,7200.0,335.0,2900.0,944.0
b36f3d0aebcb210a,returnal,2021-04-30,4.0,725.0,725.0,2400.0,430.0,1800.0,1600.0
334c3ef9d004a4ad,new super mario bros. wii,2009-11-12,3.5,859.0,859.0,13000.0,85.0,696.0,241.0
0ac1fa65dfabaa59,citizen sleeper,2022-05-05,4.1,492.0,492.0,1200.0,131.0,916.0,804.0
60f23d8f00fd7661,yakuza 3 remastered,2018-08-09,3.3,755.0,755.0,4300.0,235.0,2300.0,904.0
03ee1b0f7af484ea,garry's mod,2004-12-24,3.8,478.0,478.0,12000.0,198.0,543.0,242.0
7c33a9495bfad05f,wolfenstein the new order,2014-05-20,3.6,794.0,794.0,8400.0,149.0,2200.0,722.0
e3f158917e8718cd,deus ex,2000-06-26,4.4,899.0,899.0,3800.0,189.0,2700.0,958.0
de0991e6c2141669,bioshock 2,2010-02-09,3.6,687.0,687.0,9100.0,103.0,3300.0,691.0
f68100130f442d93,soul hackers 2,2022-08-25,3.1,337.0,337.0,750.0,228.0,932.0,1100.0
2b6606afe7b0fe65,enter the gungeon,2016-04-05,3.6,632.0,632.0,8900.0,403.0,2400.0,441.0
8b825feab717f73a,the house in fata morgana,2012-12-27,4.4,544.0,544.0,1700.0,250.0,1500.0,1300.0
0a99994d0e812576,shovel knight,2014-06-26,4.0,761.0,761.0,8500.0,135.0,1900.0,1200.0
2fdf4d51dabcdfcd,firewatch,2016-02-09,3.7,926.0,926.0,7800.0,99.0,1600.0,1200.0
addc617b8724064f,dark souls 2,2014-03-11,3.3,815.0,815.0,6700.0,128.0,1400.0,834.0
f08a6ca5d84109b5,blasphemous,2019-09-10,3.7,647.0,647.0,4200.0,399.0,2600.0,1000.0
528d02140380c8e1,final fantasy xiv online,2013-08-27,3.7,643.0,643.0,5900.0,1100.0,818.0,363.0
6e111800535866be,immortality,2022-08-30,3.9,461.0,461.0,1200.0,95.0,587.0,564.0
13276bfbb35bb514,resident evil 6,2012-10-02,2.5,888.0,888.0,7800.0,189.0,1800.0,552.0
b8eafc813bec9f54,devil may cry 3 dante's awakening,2005-02-17,4.2,909.0,909.0,6100.0,116.0,1600.0,648.0
e29993277b701f30,the last of us part 1,2022-09-01,4.4,395.0,395.0,1400.0,131.0,678.0,1100.0
fb0da607a63fbf82,super meat boy,2010-10-20,3.5,605.0,605.0,10000.0,153.0,1800.0,501.0
c8ff9b79d6c440f7,mass effect legendary edition,2021-05-14,4.5,581.0,581.0,2800.0,596.0,2400.0,930.0
da6097e505c8a074,helltaker,2020-05-11,3.3,419.0,419.0,7500.0,59.0,1100.0,445.0
e259a344bd1aa8c9,pokémon sword,2019-11-15,2.9,837.0,837.0,9700.0,301.0,924.0,500.0
8544b2ac4ba0af15,crash bandicoot n. sane trilogy,2017-06-30,3.8,654.0,654.0,7700.0,364.0,2600.0,986.0
aed91aaa5571306e,tetris,1989-11-01,4.1,688.0,688.0,9600.0,54.0,175.0,66.0
22a1e136b543c1b9,valorant,2020-06-02,2.5,291.0,291.0,8200.0,650.0,291.0,110.0
3ac7017360d328df,super mario 3d world,2013-11-21,3.9,1100.0,1100.0,9600.0,93.0,787.0,432.0
3577147ab3e3ef51,uncharted 3 drake's deception,2011-11-01,3.6,941.0,941.0,11000.0,60.0,1500.0,477.0
2e296f8edc64f129,phoenix wright ace attorney trials and tribulations,2006-03-31,4.4,995.0,995.0,6600.0,172.0,1600.0,623.0
735aba0f472967dc,yume nikki,2004-06-26,4.0,770.0,770.0,4000.0,155.0,1600.0,771.0
bfb24480ad9bf8e5,max payne,2001-07-23,3.9,786.0,786.0,6300.0,102.0,1500.0,742.0
440cd606ae6e0900,five nights at freddy's,2014-08-08,2.9,460.0,460.0,8400.0,46.0,393.0,166.0
7aa9ff8c758773e1,donkey kong country 2 diddy's kong quest,1995-11-21,4.2,1200.0,1200.0,6600.0,115.0,1600.0,455.0
f41969506beb8f95,pokémon white,2010-09-18,4.1,814.0,814.0,9000.0,115.0,705.0,270.0
376a289609b76b38,outlast,2013-09-04,3.3,547.0,547.0,7500.0,90.0,1400.0,401.0
a326aba30e5c9a5d,hitman 3,2021-01-20,4.1,702.0,702.0,3300.0,242.0,1500.0,1200.0
827cb4e886bc8c9d,sable,2021-09-23,3.5,433.0,433.0,1300.0,165.0,1400.0,1100.0
15e27ac89042331e,super smash bros. for wii u,2014-11-21,3.5,684.0,684.0,11000.0,17.0,240.0,110.0
313ec54ad2a380f6,kirby's adventure,1993-03-23,3.6,718.0,718.0,6000.0,61.0,690.0,217.0
b6d6bf77a9ef36a7,tekken 7,2015-02-18,3.8,663.0,663.0,6600.0,247.0,670.0,354.0
4775a8f64f6fd0cd,umineko when they cry chiru,2009-09-15,4.6,324.0,324.0,1700.0,108.0,582.0,493.0
85ed3b50321bcb37,kingdom hearts 2 final mix,2007-03-29,4.5,704.0,704.0,4400.0,92.0,732.0,274.0
dd797019f11966f8,superliminal,2019-11-12,3.6,487.0,487.0,3800.0,76.0,1000.0,917.0
f89a4c283afa0d4e,death stranding director's cut,2021-09-24,4.2,334.0,334.0,1300.0,382.0,1500.0,704.0
ae36d117e2af3dd4,persona 4,2008-07-10,4.0,815.0,815.0,5700.0,158.0,1000.0,599.0
9a9eb27e667420f7,wordle,2021-06-21,3.2,118.0,118.0,3000.0,125.0,26.0,5.0
a04dcd585c8ce409,the sims 4,2014-09-02,3.0,458.0,458.0,8300.0,434.0,667.0,110.0
4b029c1a83fb2ad5,far cry 4,2014-11-18,3.2,558.0,558.0,8500.0,90.0,1300.0,442.0
8d6727d81848d8c2,sonic forces,2017-11-07,1.9,650.0,650.0,5000.0,42.0,723.0,212.0
d51d08eb32ec6f8c,to the moon,2011-11-01,3.9,671.0,671.0,4700.0,66.0,1600.0,925.0
dcaa9169370d9c6d,baba is you,2019-03-13,4.0,545.0,545.0,4600.0,537.0,2000.0,1200.0
f61357d2066a3451,the witcher 3 wild hunt game of the year edition,2016-08-29,4.5,475.0,475.0,6000.0,410.0,2100.0,467.0
1fe38c70f4d34551,super smash bros.,1999-01-21,3.4,688.0,688.0,9800.0,20.0,279.0,207.0
a934bc8b787bcff7,super mario 64 ds,2004-11-21,3.6,614.0,614.0,9100.0,65.0,549.0,176.0
cb78b6da382a8dc1,halo 4,2012-11-06,3.0,674.0,674.0,7600.0,57.0,1200.0,277.0
49bb160dbc44ab80,middle earth shadow of mordor,2014-09-30,3.4,524.0,524.0,8400.0,106.0,1700.0,478.0
7ffee2c7b0956fe6,mega man 2,1989-06-02,3.6,857.0,857.0,6100.0,34.0,542.0,163.0
0957833426f623ee,phoenix wright ace attorney trilogy,2014-04-17,4.3,516.0,516.0,4000.0,644.0,1900.0,779.0
ef6c2e9e42eaef96,infamous second son,2014-03-21,3.4,668.0,668.0,7600.0,71.0,1300.0,574.0
e65d0add62b31c6e,star wars knights of the old republic,2003-07-15,4.2,839.0,839.0,5300.0,180.0,2300.0,705.0
92cdf48d69a0e9f9,no more heroes 2 desperate struggle,2010-01-26,3.5,608.0,608.0,3200.0,68.0,1500.0,855.0
0d48bfc617f713e9,kirby super star ultra,2008-09-22,4.3,743.0,743.0,5800.0,47.0,773.0,427.0
d9033cc6941ba255,flower sun and rain,2001-05-02,4.3,466.0,466.0,632.0,32.0,1000.0,1100.0
8b650c16cf0c0f43,katamari damacy,2004-03-18,4.2,939.0,939.0,4100.0,60.0,1000.0,761.0
0cf1a04563416f12,shadow the hedgehog,2005-11-15,2.4,584.0,584.0,5600.0,45.0,731.0,423.0
d201148e111a7dd2,ōkami hd,2012-10-30,4.2,527.0,527.0,3300.0,321.0,3100.0,1200.0
cd5ace99727fc679,metroid samus returns,2017-09-15,3.6,674.0,674.0,3900.0,149.0,1400.0,686.0
d26dc9b74807ff53,life is strange true colors,2021-09-10,3.6,566.0,566.0,2300.0,126.0,852.0,1100.0
6d53daa98fbd2e39,pokémon black version 2,2012-06-23,4.2,776.0,776.0,7600.0,130.0,1100.0,449.0
a6f00537b48073fd,needy streamer overload,2022-01-21,3.5,216.0,216.0,1200.0,105.0,529.0,567.0
2eea3638eeb367e9,borderlands,2009-10-20,3.1,484.0,484.0,9100.0,98.0,1200.0,450.0
fc8999e1112c58b0,hollow knight voidheart edition,2018-09-25,4.5,462.0,462.0,3900.0,295.0,1300.0,363.0
0cf5a2596db8892f,klonoa door to phantomile,1997-12-11,4.1,648.0,648.0,2200.0,63.0,877.0,590.0
7ce5bc3bf60057bc,shadow of the tomb raider,2018-09-14,3.3,522.0,522.0,4800.0,161.0,2800.0,701.0
2b04a05f2ab156f3,mario & luigi bowser's inside story,2009-09-14,4.2,837.0,837.0,6600.0,95.0,1500.0,629.0
ffd005013c2ee556,ghostrunner,2020-10-27,3.5,486.0,486.0,3300.0,170.0,1700.0,783.0
a31b465d48e5d3c5,watch dogs 2,2016-11-15,3.3,554.0,554.0,6600.0,125.0,1900.0,453.0
ab232ab41b61ebec,mass effect 3,2012-03-06,3.7,777.0,777.0,7300.0,79.0,1500.0,482.0
6fb442e816b39e44,goat simulator,2014-04-01,2.4,337.0,337.0,8400.0,22.0,492.0,125.0
4f2552d168fd9a84,the elder scrolls 5 skyrim special edition,2016-10-27,4.0,439.0,439.0,6500.0,374.0,1300.0,319.0
be15009b6ccf2c0e,far cry 5,2018-03-26,3.0,558.0,558.0,6600.0,169.0,1200.0,470.0
a78a0664b7426d06,call of duty modern warfare 3,2011-11-08,3.2,587.0,587.0,10000.0,27.0,492.0,195.0
311dac57d57d2263,friday night funkin',2020-11-01,2.8,203.0,203.0,4500.0,67.0,230.0,171.0
64c608f703fa38b2,osu!,2007-09-16,3.1,187.0,187.0,7300.0,426.0,234.0,90.0
2df0599ce62ac558,the legend of zelda twilight princess,2006-11-19,4.1,642.0,642.0,6000.0,82.0,1100.0,466.0
6bb344633dd21509,bloodborne the old hunters,2015-11-24,4.6,266.0,266.0,4400.0,68.0,930.0,616.0
44edd10833759ad1,fire emblem warriors three hopes,2022-06-24,3.6,360.0,360.0,1100.0,305.0,761.0,576.0
13e9a9bc82597456,super smash bros. for nintendo 3ds,2014-09-13,3.3,545.0,545.0,10000.0,23.0,273.0,96.0
73c08dddcad78cbc,the legend of heroes trails to azure,2011-09-29,4.5,519.0,519.0,1400.0,72.0,714.0,701.0
d8db95dc7e80da59,super mario rpg legend of the seven stars,1996-03-09,4.0,832.0,832.0,4400.0,133.0,2300.0,858.0
ff293d98ba9c9d66,astral chain,2019-08-30,3.6,568.0,568.0,3600.0,210.0,2300.0,1400.0
538be7c86a6cdfbc,dmc devil may cry,2013-01-15,3.0,432.0,432.0,6300.0,62.0,1200.0,448.0
9121b3c05f8a8a50,dragon age origins,2009-11-03,4.0,712.0,712.0,6100.0,148.0,1700.0,534.0
8b468c92fee6f2f7,vagrant story,2000-02-10,4.0,503.0,503.0,1000.0,59.0,1600.0,889.0
3d8db6760fc6eb3b,amnesia the dark descent,2010-09-08,3.5,525.0,525.0,4700.0,86.0,1800.0,407.0
367bf8353de44dda,monster hunter rise sunbreak,2022-06-29,4.3,217.0,217.0,1100.0,267.0,327.0,242.0
9554ba5a83bb8d62,super mario maker 2,2019-06-28,3.7,689.0,689.0,6600.0,114.0,623.0,459.0
b1885b09b5fcbc63,fire emblem the blazing blade,2003-04-25,3.7,609.0,609.0,3900.0,158.0,1200.0,401.0
dca38265209dd605,lego marvel super heroes,2013-09-30,3.6,522.0,522.0,6000.0,65.0,592.0,126.0
facadcd3fb4a6316,sonic colors,2010-11-11,3.4,609.0,609.0,5100.0,44.0,690.0,342.0
c4ad2dfeedb53aa0,pokémon moon,2016-11-18,3.3,648.0,648.0,7900.0,75.0,653.0,234.0
f54f7201d2c984d1,zelda 2 the adventure of link,1987-01-14,2.6,756.0,756.0,4500.0,55.0,1100.0,290.0
8690deb164726e38,battlefield 4,2013-10-29,3.5,431.0,431.0,7100.0,72.0,506.0,124.0
b951217c0c627936,dragon ball z budokai tenkaichi 3,2007-10-04,3.9,435.0,435.0,6600.0,32.0,278.0,135.0
0a60801e8c9a844e,warioware get it together!,2021-09-09,3.5,399.0,399.0,2200.0,59.0,460.0,636.0
01eb439dc6210320,beyond two souls,2013-10-08,2.7,433.0,433.0,5400.0,52.0,1100.0,524.0
5923ee39039a58ff,digimon survive,2022-07-28,3.4,167.0,167.0,454.0,148.0,525.0,602.0
c8265c3c598bee6b,spiritfarer,2020-08-18,3.9,513.0,513.0,2300.0,352.0,1500.0,918.0
dd099fc9d8059494,little nightmares 2,2021-02-10,4.0,569.0,569.0,2500.0,78.0,1200.0,1500.0
a7140ae9ddc7e2c1,the evil within 2,2017-10-12,3.7,541.0,541.0,2700.0,76.0,1400.0,634.0
8194fc7c5c6d0b0a,bloons td 6,2018-06-14,3.8,241.0,241.0,4100.0,331.0,343.0,73.0
13028a4fe3afadac,sayonara wild hearts,2019-09-19,3.9,725.0,725.0,3100.0,37.0,721.0,789.0
d4e30f26f6e8b955,metro 2033 redux,2014-08-26,3.6,363.0,363.0,3900.0,108.0,1600.0,260.0
972763f1d3ee6d04,melty blood type lumina,2021-09-29,3.6,194.0,194.0,1800.0,159.0,301.0,473.0
9efc454ef2aff18a,vampire survivors,2021-12-17,3.7,836.0,836.0,6100.0,944.0,687.0,409.0
dbc2eac313cf4958,psychonauts,2005-04-19,4.0,1200.0,1200.0,7100.0,388.0,4200.0,1200.0
a879675923aef853,fallout 4,2015-11-09,3.1,1000.0,1000.0,16000.0,407.0,2900.0,752.0
a72d5ad39558adf0,uncharted 4 a thief's end,2016-05-10,4.1,1800.0,1800.0,14000.0,177.0,2700.0,1200.0
b7d21e222a7a4764,the legend of zelda a link to the past,1991-11-21,4.1,1700.0,1700.0,13000.0,360.0,3200.0,911.0
27a459c628cb172e,silent hill,1999-02-23,4.1,1300.0,1300.0,6800.0,272.0,2300.0,1600.0
f3e6722d5ec168fd,super smash bros. brawl,2008-01-31,3.8,1300.0,1300.0,19000.0,51.0,511.0,250.0
64dad1b1d14c9e62,borderlands 2,2012-09-18,3.5,1100.0,1100.0,16000.0,344.0,2700.0,494.0
d0452ae0b573a3e9,no more heroes,2007-12-06,4.0,1200.0,1200.0,5600.0,280.0,2600.0,1800.0
0af4bb01258b97b4,ghost of tsushima,2020-07-17,4.1,1400.0,1400.0,8500.0,688.0,3500.0,3100.0
035b501d43c1e59e,sonic the hedgehog 3 & knuckles,1994-10-18,4.2,839.0,839.0,6000.0,40.0,656.0,269.0
cbbc09428e6bf925,resident evil 2,1998-01-21,4.2,1100.0,1100.0,5500.0,54.0,1100.0,597.0
ba2754b30ffbe082,full metal daemon muramasa,2009-10-30,4.3,229.0,229.0,496.0,96.0,567.0,592.0
4de19c177d1bddc9,soma,2015-09-21,4.0,764.0,764.0,3900.0,122.0,2200.0,837.0
6b0404ee6ed377dd,the binding of isaac rebirth,2014-11-04,4.0,492.0,492.0,8200.0,334.0,1100.0,636.0
d4d148f02cbdae09,luigi's mansion 3,2019-10-31,3.8,800.0,800.0,5600.0,313.0,2200.0,1300.0
9f08185dc0442579,katamari damacy reroll,2018-12-06,4.1,576.0,576.0,4300.0,199.0,1300.0,513.0
b89ca3d8ab3a4695,mario kart 7,2011-12-02,3.5,593.0,593.0,10000.0,59.0,336.0,141.0
a9702e951e2f48aa,castle crashers,2008-08-27,3.6,487.0,487.0,9400.0,94.0,936.0,227.0
5ef6311e2c6f8486,rain world,2017-03-28,4.1,411.0,411.0,1100.0,170.0,1400.0,987.0
f1843c895d7ad65d,mario party superstars,2021-10-28,3.7,517.0,517.0,3800.0,128.0,329.0,453.0
044ddf81ff5cf707,bully,2006-10-17,3.9,635.0,635.0,6700.0,80.0,1300.0,768.0
077786c3a617d098,mario kart 64,1996-12-14,3.5,725.0,725.0,9700.0,21.0,389.0,194.0
ffa9ce087e96f641,octopath traveler 2,2023-02-24,4.4,253.0,253.0,258.0,271.0,543.0,895.0
678474b06eb3deab,norco,2022-03-24,3.9,386.0,386.0,809.0,88.0,651.0,561.0
3c18b014fadf91fc,resident evil,2002-03-22,4.3,1000.0,1000.0,4000.0,93.0,1100.0,470.0
7edda6debcde0d1a,assassin's creed odyssey,2018-10-05,3.4,772.0,772.0,6800.0,435.0,2000.0,746.0
f8b4407cf4e56f2b,transistor,2014-05-20,3.8,784.0,784.0,5600.0,172.0,2900.0,692.0
d3fb5b208bdc9e99,the evil within,2014-10-14,3.4,629.0,629.0,4800.0,140.0,1800.0,822.0
49df512fa0aef70c,metal hellsinger,2022-09-15,3.7,322.0,322.0,1200.0,97.0,419.0,424.0
26d3e1d495290de9,halo the master chief collection,2014-11-11,4.2,356.0,356.0,5100.0,362.0,1300.0,463.0
e756703edfd630ee,pokémon crystal,2000-12-14,3.9,716.0,716.0,7200.0,137.0,721.0,236.0
1fc0a00e0ff7fa48,uncharted the lost legacy,2017-08-22,3.8,758.0,758.0,4700.0,51.0,1300.0,754.0
a8f0f73526670e1e,resident evil 3 nemesis,1999-09-22,3.8,849.0,849.0,4300.0,56.0,953.0,496.0
bcf12c94a5d97384,sea of thieves,2018-03-20,3.3,354.0,354.0,5300.0,270.0,536.0,407.0
c6fa0d56757a506d,f.e.a.r.,2005-10-17,3.8,564.0,564.0,3600.0,65.0,1000.0,505.0
92cb6d9d83859b45,mafia definitive edition,2020-09-24,3.7,420.0,420.0,2700.0,101.0,917.0,540.0
5b936fb68098e074,nier,2010-04-22,4.2,743.0,743.0,2900.0,67.0,999.0,854.0
964a41a01a9e4071,the walking dead season two,2013-12-17,3.5,559.0,559.0,6700.0,35.0,718.0,262.0
7fbe855a9a40c3fd,forspoken,2023-01-24,2.3,211.0,211.0,252.0,32.0,247.0,847.0
fb4f0491507330bb,max payne 2 the fall of max payne,2003-10-14,4.1,553.0,553.0,4100.0,37.0,1100.0,464.0
41276ab148fd34d9,shin megami tensei devil summoner soul hackers,1997-11-13,3.8,470.0,470.0,1200.0,153.0,1600.0,651.0
0e72c492cbe040fd,dusk,2018-12-10,4.0,487.0,487.0,2500.0,154.0,963.0,625.0
74ebe081194fabb2,the elder scrolls 3 morrowind,2002-05-01,4.0,549.0,549.0,3700.0,150.0,1700.0,487.0
130cfb44146444be,rollerdrome,2022-08-16,3.7,260.0,260.0,431.0,57.0,351.0,492.0
c6f871810e095079,final fantasy xvi,2023-06-22,,422.0,422.0,37.0,10.0,732.0,2400.0
d04742936c71d867,pokémon sun,2016-11-18,3.3,600.0,600.0,7600.0,74.0,596.0,230.0
95596895374da68d,yu gi oh! master duel,2022-01-18,3.2,170.0,170.0,2100.0,235.0,147.0,33.0
ae9d31283afde60c,injustice gods among us,2013-04-16,3.0,364.0,364.0,7100.0,17.0,502.0,112.0
8890e4a4277420b9,pac man,1980-05-22,3.4,427.0,427.0,5200.0,7.0,108.0,31.0
d4a46ddc119ba5fc,final fantasy 10/10 2 hd remaster,2013-12-26,4.1,368.0,368.0,3200.0,281.0,2300.0,677.0
72b65b755d712794,mortal kombat 10,2015-04-13,3.3,430.0,430.0,7100.0,43.0,602.0,138.0
40b769ce42362b60,shin megami tensei digital devil saga,2004-07-15,4.1,657.0,657.0,2000.0,200.0,1900.0,916.0
0717ea75628a9227,star wars the force unleashed,2008-09-16,3.2,417.0,417.0,7400.0,50.0,823.0,350.0
4bfb132bd9709dc7,shovel knight treasure trove,2019-12-09,4.3,445.0,445.0,3800.0,186.0,1300.0,574.0
a63c7344419044bb,ghost of tsushima director's cut,2021-08-20,4.2,345.0,345.0,1800.0,257.0,993.0,621.0
e44cfb4482cfbafa,donkey kong country returns,2010-11-21,3.9,521.0,521.0,5300.0,67.0,1100.0,443.0
1bbeab9eb6a19d53,street fighter 3 3rd strike,1999-05-12,4.2,763.0,763.0,3700.0,71.0,281.0,202.0
7ef603e1c9a13207,return to monkey island,2022-09-19,4.0,237.0,237.0,538.0,71.0,388.0,409.0
66d77279b8de3325,deus ex human revolution,2011-08-23,3.8,559.0,559.0,5800.0,65.0,1700.0,488.0
21add6da76c86039,spyro reignited trilogy,2018-11-13,3.9,552.0,552.0,4500.0,282.0,2100.0,808.0
8424cf43eb66ec34,chicory a colorful tale,2021-06-10,4.1,521.0,521.0,984.0,126.0,905.0,983.0
72f015e58f3ae548,sin and punishment,2000-11-21,4.0,459.0,459.0,1100.0,34.0,878.0,550.0
35a451fe3356200f,outer wilds echoes of the eye,2021-09-28,4.5,238.0,238.0,1600.0,121.0,763.0,559.0
95647d6eb603721f,new super mario bros. 2,2012-07-28,2.9,581.0,581.0,6100.0,47.0,588.0,234.0
1f27a2c6e3f7e1cf,wolfenstein 2 the new colossus,2017-10-26,3.5,540.0,540.0,4700.0,86.0,1500.0,675.0
66abf09a5f3ba4a7,pokã©mon diamond,2006-09-28,3.6,581.0,581.0,9300.0,52.0,429.0,170.0
6002fc7d3d722271,into the breach,2018-02-27,3.9,535.0,535.0,3400.0,132.0,1700.0,567.0
7e06753046f1a20a,marvel snap,2022-10-18,3.7,241.0,241.0,847.0,248.0,54.0,22.0
021df2329d06b19a,nier automata game of the yorha edition,2019-02-21,4.4,315.0,315.0,2800.0,230.0,1100.0,532.0
01111441181e513d,five nights at freddy's 2,2014-11-10,3.0,270.0,270.0,5400.0,20.0,271.0,119.0
282f02e72064ea85,mortal kombat 11,2019-04-22,3.4,490.0,490.0,5000.0,99.0,612.0,308.0
ce2eb5f8e9aa5bd2,witch on the holy night,2022-12-07,4.5,98.0,98.0,244.0,104.0,230.0,279.0
d89c435094df8b0d,dying light 2 stay human,2022-02-03,3.1,290.0,290.0,1400.0,176.0,765.0,876.0
d1b12527e21b7121,asura's wrath,2012-02-21,3.7,432.0,432.0,2100.0,65.0,980.0,827.0
8f913243fef9b3a2,tales of berseria,2016-08-18,3.7,555.0,555.0,3300.0,293.0,2400.0,657.0
684234d4872e91b6,ender lilies quietus of the knights,2021-06-21,3.8,275.0,275.0,1200.0,131.0,967.0,1000.0
ca9b7f7692da580c,moon remix rpg adventure,1997-10-16,4.4,572.0,572.0,663.0,100.0,1300.0,1000.0
dd76ce29c5f0a766,prince of persia the sands of time,2003-11-06,3.6,480.0,480.0,5500.0,37.0,1100.0,421.0
21f3c22ab32fea2a,assassin's creed syndicate,2015-10-23,3.0,562.0,562.0,5600.0,97.0,1500.0,417.0
7b7d8150270dbcb1,sunset overdrive,2014-10-28,3.5,445.0,445.0,3600.0,92.0,1200.0,459.0
e7e9322be13944ea,metal gear solid peace walker,2010-04-29,3.5,498.0,498.0,4000.0,68.0,1300.0,566.0
d181eb4192d584b7,code vein,2019-09-26,3.0,325.0,325.0,3300.0,230.0,1600.0,625.0
945f6b5f9648ebe1,mario strikers battle league,2022-06-10,2.7,248.0,248.0,932.0,35.0,237.0,397.0
6e7c91b4092488f9,limbus company,2023-02-27,3.9,24.0,24.0,104.0,95.0,55.0,61.0
9b95d897da2a529c,resident evil village winters' expansion,2022-10-28,3.3,107.0,107.0,477.0,11.0,145.0,115.0
f27d1d74c85c960d,tony hawk's pro skater 1+2,2020-09-04,4.1,498.0,498.0,2800.0,176.0,854.0,607.0
949d9bd4005b8c47,need for speed unbound,2022-11-29,3.5,84.0,84.0,294.0,74.0,150.0,209.0
5db2ad840f5dc24f,zero escape zero time dilemma,2016-06-28,3.0,350.0,350.0,2900.0,64.0,1200.0,402.0
4434f58ff737449e,deus ex mankind divided,2016-08-23,3.5,387.0,387.0,3400.0,72.0,2000.0,458.0
0f8049840e344be8,guitar hero 3 legends of rock,2007-10-28,3.9,489.0,489.0,6900.0,21.0,174.0,78.0
6cab829fb23af87c,sid meier's civilization 6,2016-10-20,3.7,343.0,343.0,4600.0,211.0,969.0,188.0
e7cf97c82b233ad5,nioh 2,2020-03-13,4.0,365.0,365.0,1400.0,150.0,1100.0,580.0
cb179978828ccc33,gears of war,2006-11-07,3.5,522.0,522.0,5300.0,37.0,545.0,307.0
1d7e42577e323c30,final fantasy tactics,1997-06-20,4.2,506.0,506.0,2100.0,73.0,1600.0,681.0
67e77ee20b2b30e9,deltarune,,4.3,313.0,313.0,1300.0,83.0,468.0,617.0
131c66f756f3cf20,tekken 3,1997-03-22,3.9,564.0,564.0,4200.0,13.0,253.0,183.0
516afa44f30f6abb,far cry 6,2021-10-07,2.7,298.0,298.0,1600.0,157.0,772.0,792.0
26111e8ea879be07,horizon zero dawn complete edition,2017-12-06,3.8,327.0,327.0,2900.0,212.0,1300.0,333.0
d4639236e00372d0,persona 4 golden,2020-06-13,4.4,53.0,53.0,350.0,90.0,142.0,54.0
73520b8fc86a4d13,death stranding 2,,,105.0,105.0,3.0,0.0,209.0,644.0
5f74b16423cb2d3a,xenosaga episode 1 der wille zur macht,2002-02-28,3.7,412.0,412.0,1200.0,103.0,1300.0,575.0
961c0be4d6625a6b,everhood,2021-03-03,3.8,317.0,317.0,1400.0,76.0,734.0,445.0
a01f0579b0273694,don't starve together,2016-04-21,3.4,227.0,227.0,5200.0,173.0,727.0,195.0
a134380e08b50ba7,south park the fractured but whole,2017-10-17,3.7,369.0,369.0,3500.0,79.0,1100.0,512.0
1b23ef8157579dd6,god of war 3 remastered,2015-07-14,4.0,323.0,323.0,2700.0,40.0,665.0,241.0
0d7643861534d305,pokémon ruby,2002-11-21,3.7,494.0,494.0,7000.0,33.0,304.0,127.0
c16a0c90ef841b18,fire emblem the sacred stones,2004-10-07,3.7,503.0,503.0,3700.0,124.0,1200.0,395.0
127dccc98d5d8b7e,library of ruina,2021-08-10,4.4,151.0,151.0,454.0,120.0,476.0,362.0
3f7a602f8efb8d39,uncharted the nathan drake collection,2015-10-07,4.1,363.0,363.0,4300.0,137.0,1300.0,319.0
2b49567fdcff2328,persona 3 portable,2023-01-19,4.0,39.0,39.0,210.0,97.0,121.0,85.0
466148dc467bed94,pyre,2017-07-25,4.0,484.0,484.0,1800.0,74.0,1500.0,649.0
df646087e6aa3de2,paladins,2017-05-02,2.6,167.0,167.0,5200.0,110.0,188.0,16.0
57193e4ee630b824,dead space 3,2013-02-05,2.6,309.0,309.0,3200.0,48.0,1000.0,388.0
4856a4a01c230eed,devil may cry hd collection,2012-03-22,3.9,230.0,230.0,2200.0,152.0,1100.0,371.0
3ff27ab87b3b0edc,bayonetta origins cereza and the lost demon,2023-03-17,4.0,116.0,116.0,48.0,40.0,117.0,329.0
a05613f4b2969d6a,armored core,1997-07-10,3.4,197.0,197.0,522.0,38.0,404.0,216.0
2057e1447f5be7ee,persona 4 arena ultimax,2013-11-28,3.7,382.0,382.0,2900.0,135.0,809.0,604.0
3973996087afbe6a,wanted dead,2023-02-14,2.6,81.0,81.0,100.0,15.0,94.0,212.0
a1727b25f4fa1977,luigi's mansion dark moon,2013-03-20,3.3,377.0,377.0,4300.0,68.0,1100.0,418.0
5a8f51c99683dfa7,gorogoa,2017-12-13,3.8,386.0,386.0,2000.0,31.0,471.0,382.0
7f5ae4f6127a76ba,valkyrie elysium,2022-09-28,3.0,139.0,139.0,218.0,32.0,343.0,527.0
3081ab33e357acad,castlevania order of ecclesia,2008-10-21,4.0,483.0,483.0,2000.0,75.0,963.0,540.0
f20a23cbfb5b3411,deadly premonition,2010-02-23,3.9,431.0,431.0,1400.0,48.0,991.0,628.0
06841e2b0d5355df,lego batman 2 dc super heroes,2012-06-19,3.5,446.0,446.0,4600.0,41.0,821.0,132.0
d641b97c2d21f064,lunistice,2022-11-10,3.6,132.0,132.0,305.0,17.0,105.0,116.0
836861410a164fac,sonic advance,2001-12-20,3.2,446.0,446.0,4000.0,26.0,508.0,212.0
e6d323ef2bb2aadf,metal slug,1996-01-24,3.6,353.0,353.0,3800.0,11.0,377.0,181.0
c89c203e0e2b56e6,just cause 3,2015-11-30,3.1,269.0,269.0,4900.0,93.0,1000.0,155.0
4e06c9a893f027f9,suikoden 2,1998-12-17,4.4,433.0,433.0,1100.0,42.0,1300.0,653.0
2033da9f746335d3,littlebigplanet,2008-10-27,3.6,405.0,405.0,6000.0,21.0,403.0,219.0
8c5c7ed30485f1c9,earthbound beginnings,2015-06-14,3.2,395.0,395.0,1800.0,90.0,1000.0,380.0
3630829e9a22d846,wario land 3,2000-03-21,3.8,284.0,284.0,1200.0,67.0,588.0,174.0
63b5c57e1a3105ca,faith the unholy trinity,2022-10-21,4.0,85.0,85.0,253.0,37.0,237.0,283.0
ec49910f21a34804,tales of symphonia,2003-08-29,3.9,512.0,512.0,2800.0,132.0,1800.0,572.0
9afb704d19e387dd,final fantasy 7,2012-08-14,4.2,103.0,103.0,1200.0,89.0,427.0,70.0
baec0a03c0bce15f,the dark pictures anthology man of medan,2019-08-29,2.5,355.0,355.0,2300.0,44.0,506.0,217.0
d2892535c6253418,saya no uta,2003-12-26,3.3,249.0,249.0,1700.0,32.0,499.0,432.0
c842af6031484d78,river city girls,2019-09-04,3.6,279.0,279.0,1900.0,96.0,809.0,729.0
4269db9f473cf539,sonic origins,2022-06-22,3.4,121.0,121.0,558.0,49.0,209.0,306.0
5274efd1feea9df3,kuru kuru kururin,2001-03-21,3.4,138.0,138.0,439.0,33.0,160.0,76.0
4c6272b314a14f30,pikmin 2,2004-04-29,4.1,530.0,530.0,2700.0,53.0,988.0,500.0
ce06cffa856db284,wonderful everyday down the rabbit hole,2010-03-26,4.1,269.0,269.0,982.0,127.0,536.0,480.0
f65f8065b5a79614,paper mario the origami king,2020-07-17,3.5,525.0,525.0,2400.0,188.0,1200.0,714.0
aea21dd6e06331f0,conker's bad fur day,2001-03-05,3.6,426.0,426.0,2700.0,39.0,907.0,503.0
ece47952055e7fdb,fire emblem radiant dawn,2007-02-22,4.0,459.0,459.0,1800.0,69.0,1100.0,497.0
9b295190b650aa11,need for speed heat,2019-11-08,3.1,180.0,180.0,1600.0,100.0,455.0,94.0
6519be3ea04e796d,skate 3,2010-05-11,4.0,318.0,318.0,4100.0,44.0,313.0,188.0
9bedc8a1c3771358,braid,2008-08-06,3.4,380.0,380.0,3500.0,26.0,782.0,385.0
d604c4ae2ad7042f,metro 2033,2010-03-16,3.5,328.0,328.0,3700.0,49.0,1100.0,224.0
f4ffe96c7fb4ffae,another pokémon game,2023-02-15,3.0,19.0,19.0,59.0,2.0,24.0,22.0
bf0063e0aa715083,super mario party,2018-10-05,2.8,336.0,336.0,5300.0,34.0,241.0,185.0
a7169a8d00b14fde,kentucky route zero,2013-01-07,4.1,474.0,474.0,1200.0,128.0,1200.0,842.0
4e3b99441ee8954e,the legend of zelda twilight princess hd,2016-03-04,4.2,447.0,447.0,2500.0,91.0,956.0,503.0
3613babb8f14ce15,we love katamari,2005-07-06,4.3,429.0,429.0,1400.0,38.0,520.0,410.0
7c9f7e0377310276,serial experiments lain,1998-11-26,4.0,173.0,173.0,397.0,29.0,637.0,727.0
3e561835cc8a7f4b,kirby's dream land 2,1995-03-21,3.2,414.0,414.0,2300.0,41.0,480.0,146.0
1058d6f8821009a5,harvestella,2022-11-04,3.4,103.0,103.0,160.0,86.0,268.0,469.0
8248ffc38309e31e,dishonored death of the outsider,2017-09-14,3.6,328.0,328.0,1800.0,41.0,1400.0,352.0
3313c9b41480a99a,life is strange 2,2018-09-26,3.3,421.0,421.0,2600.0,107.0,939.0,643.0
248ad43111be261f,banjo tooie,2000-11-20,3.8,443.0,443.0,3000.0,29.0,1200.0,485.0
de389ea657920ad2,the legend of zelda oracle of ages,2001-02-27,3.7,512.0,512.0,2800.0,60.0,1500.0,492.0
23f8641911caa633,lobotomy corporation,2018-04-09,4.1,134.0,134.0,621.0,132.0,536.0,327.0
f6becd78ad6d8bba,saints row 2,2008-10-14,3.7,412.0,412.0,3600.0,56.0,803.0,191.0
b2737a0581f89766,final fantasy 7 rebirth,2023-12-31,,192.0,192.0,20.0,3.0,354.0,1100.0
9bab49c488bacfe0,castlevania bloodlines,1994-03-17,3.7,447.0,447.0,1800.0,25.0,682.0,230.0
76e102522adf9200,tiny tina's wonderlands,2022-03-25,3.4,224.0,224.0,738.0,140.0,467.0,537.0
a5dc2e02d0cb9b0c,utawarerumono mask of truth,2016-09-21,4.4,182.0,182.0,442.0,21.0,411.0,266.0
d460bf1767c5bdac,hitman world of assassination,2023-01-26,4.6,38.0,38.0,167.0,47.0,54.0,54.0
717812338a97ed10,just cause 2,2010-03-23,3.2,302.0,302.0,5100.0,36.0,771.0,142.0
8d5d96fe633032ce,lies of p,2023-08-01,,175.0,175.0,5.0,0.0,260.0,939.0
03e2aaed0cdaa8b6,final fantasy 5,1992-12-06,3.8,532.0,532.0,2300.0,78.0,1200.0,460.0
28b7fa42f05336b5,jet set radio future,2002-02-22,4.3,448.0,448.0,1400.0,47.0,784.0,645.0
f2d6a91020671d30,overcooked!,2016-08-03,3.5,376.0,376.0,4600.0,76.0,723.0,115.0
4011389e8fd7576f,shin megami tensei 4 apocalypse,2016-02-10,3.6,442.0,442.0,1800.0,109.0,1500.0,634.0
24638a6ac19c7592,muse dash,2018-06-15,3.5,185.0,185.0,2700.0,247.0,396.0,193.0
cae801296a3ce007,fire emblem genealogy of the holy war,1996-05-14,4.0,468.0,468.0,1300.0,81.0,836.0,385.0
0deadcc02ec474f8,judas,2025-03-31,,90.0,90.0,1.0,0.0,92.0,437.0
ab2853ae3727056b,half life opposing force,1999-11-10,3.7,298.0,298.0,3000.0,38.0,838.0,95.0
ee8cf29bd5a04c8b,bloodborne psx,2022-01-31,3.5,106.0,106.0,577.0,16.0,434.0,299.0
14a527b31d8a43b6,prototype,2009-06-09,3.0,225.0,225.0,4500.0,30.0,643.0,314.0
c3145834d7462aed,pokémon gold,1999-11-21,3.8,495.0,495.0,5500.0,29.0,326.0,133.0
c58d5c5867e60b6d,valheim,2021-02-02,3.6,210.0,210.0,2500.0,261.0,496.0,276.0
060df62778bf9273,your turn to die death game by majority,2017-08-28,4.1,221.0,221.0,1300.0,241.0,630.0,548.0
1f34ce90d30de6b3,gal guardians demon purge,2023-02-23,3.4,39.0,39.0,69.0,8.0,61.0,150.0
5fc5855cb54e27a7,mortal shell,2020-08-18,2.7,192.0,192.0,847.0,30.0,678.0,194.0
1089ced47dd1f398,kingdom come deliverance,2018-02-13,3.6,238.0,238.0,1800.0,110.0,1400.0,335.0
e6b84b337e0fc395,live a live,1994-09-02,4.2,307.0,307.0,555.0,36.0,738.0,491.0
652518636c3e94cf,sleeping dogs definitive edition,2014-10-10,3.8,250.0,250.0,2600.0,64.0,967.0,213.0
80bb7838424c0473,resident evil 4 ultimate hd edition,2014-02-28,4.4,148.0,148.0,889.0,56.0,151.0,35.0
e9d11988b9aee3aa,lego builder's journey,2019-12-20,3.2,138.0,138.0,484.0,22.0,317.0,114.0
9ff244af46ca9e14,guilty gear xrd rev 2,2017-03-30,4.1,379.0,379.0,3000.0,118.0,314.0,175.0
8577037b35c624b4,super kiwi 64,2022-12-02,3.4,79.0,79.0,239.0,5.0,70.0,75.0
c0f0a3c0f8e007cb,infamous 2,2011-06-07,3.7,409.0,409.0,4400.0,21.0,674.0,343.0
9f399e6847e6f8d5,fallout 3 game of the year edition,2009-10-13,3.6,188.0,188.0,2600.0,67.0,694.0,123.0
1bb52a0ab214ce1c,melatonin,2022-12-15,3.7,104.0,104.0,185.0,28.0,96.0,235.0
9cff5681cc4124bb,gungrave g.o.r.e,2022-11-22,2.1,85.0,85.0,186.0,13.0,138.0,149.0
2d00a24981a6a890,like a dragon gaiden the man who erased his name,2023-12-31,,118.0,118.0,2.0,1.0,145.0,588.0
7934221ce4cb2513,garten of banban,2023-01-06,1.2,26.0,26.0,130.0,1.0,5.0,4.0
741bb16cfa0814b7,hitman blood money,2006-05-26,4.0,414.0,414.0,3200.0,37.0,859.0,238.0
c21242c17c29c4df,professor layton and the unwound future,2008-11-27,4.3,378.0,378.0,2400.0,33.0,664.0,388.0
7788ea3146ce7df6,the dark pictures anthology the devil in me,2022-11-18,2.9,123.0,123.0,332.0,20.0,135.0,276.0
8365277dfe335ab6,donkey kong country tropical freeze,2018-05-04,4.2,373.0,373.0,2100.0,91.0,741.0,500.0
086fa40d50056c4d,fire emblem thracia 776,1999-09-01,4.1,329.0,329.0,820.0,65.0,771.0,329.0
2aef9b9328567956,moonlighter,2018-05-29,3.2,280.0,280.0,2200.0,134.0,1200.0,309.0
b3dd432ca22a28bb,pikmin 3,2013-07-13,4.0,388.0,388.0,2700.0,39.0,797.0,385.0
74d20097116a2962,five nights at freddy's 4,2015-07-23,2.8,199.0,199.0,3300.0,13.0,216.0,111.0
29957a46c6069f30,chaos;head noah,2009-02-26,4.0,84.0,84.0,199.0,73.0,215.0,174.0
a02d8ddeeb285148,nier automata the end of yorha edition,2022-10-06,4.5,68.0,68.0,370.0,59.0,240.0,147.0
73549060bff1ba5d,phoenix wright ace attorney spirit of justice,2016-06-09,3.7,402.0,402.0,2400.0,96.0,1200.0,506.0
4786964ac9cdeaa5,crysis,2007-11-13,3.2,224.0,224.0,3000.0,26.0,561.0,241.0
f2cd8c89bfb77bc3,fallout shelter,2015-06-14,2.4,172.0,172.0,5300.0,44.0,214.0,38.0
eb1f8bf0a2a210fc,sonic and the secret rings,2007-02-20,1.9,362.0,362.0,3100.0,18.0,348.0,160.0
f5743d750912c895,ftl faster than light,2012-09-14,3.8,325.0,325.0,3800.0,64.0,902.0,202.0
cf215f4baca7a62b,mario party 2,1999-12-17,3.7,348.0,348.0,3900.0,11.0,199.0,132.0
c1a57b9c094b0f9c,attack of the friday monsters! a tokyo tale,2013-07-17,3.7,178.0,178.0,393.0,22.0,385.0,298.0
d7fbd7ecf9613f7b,animal crossing,2001-12-14,3.9,533.0,533.0,3900.0,51.0,389.0,317.0
b4cb07f3f434f3b7,fire emblem fates revelation,2015-07-09,2.3,296.0,296.0,2500.0,52.0,707.0,244.0
91c4cb542150a1b7,bloodstained curse of the moon,2018-05-23,3.6,341.0,341.0,2300.0,41.0,800.0,397.0
0df9874b5c573a46,final fantasy xiii 2,2011-12-15,3.3,482.0,482.0,2300.0,58.0,1400.0,449.0
552f075fd543add2,agar.io,2015-04-28,2.2,81.0,81.0,4400.0,8.0,40.0,12.0
53628a81b6dc6226,fatal frame 2 crimson butterfly,2003-11-27,4.2,398.0,398.0,1000.0,38.0,690.0,513.0
784c7b958efec9eb,world of warcraft,2004-11-23,3.5,369.0,369.0,4500.0,115.0,139.0,74.0
a9620e4ef5a9d64f,the legend of heroes trails of cold steel 2,2014-09-25,3.7,401.0,401.0,1700.0,45.0,707.0,319.0
0dfb6aab3d3eb0b0,gang beasts,2017-12-12,3.1,207.0,207.0,3200.0,30.0,177.0,142.0
0e0f197f76a1e780,armored core 3,2002-04-01,3.7,115.0,115.0,297.0,19.0,273.0,142.0
bb117ab317975bea,star wars the force unleashed 2,2010-10-26,2.8,242.0,242.0,4100.0,18.0,597.0,268.0
db1b2e80f703b8dd,fortnite,2017-07-25,2.8,827.0,827.0,17000.0,926.0,470.0,47.0
b9eb91aac1a4561f,fall guys,2020-08-04,3.0,874.0,874.0,16000.0,654.0,618.0,271.0
1068223e08dd4cd9,it takes two,2021-03-25,4.2,1300.0,1300.0,8100.0,999.0,2500.0,2100.0
59b5efb2b886db7d,bioshock,2007-08-21,4.0,1800.0,1800.0,17000.0,339.0,4000.0,1200.0
8d925c70066144e9,metal gear solid,1998-09-03,4.2,1900.0,1900.0,12000.0,287.0,3000.0,1600.0
4428422a17b228f9,yakuza like a dragon,2020-01-16,4.3,1600.0,1600.0,6000.0,847.0,4800.0,2800.0
2cda4c0bd1848c68,animal crossing new horizons,2020-03-19,3.6,1600.0,1600.0,20000.0,1800.0,1300.0,1100.0
17b81ef20c495a4f,bioshock infinite,2013-02-26,3.5,1500.0,1500.0,18000.0,197.0,4100.0,949.0
c583dcc8a25f8b6d,mirror's edge,2008-11-11,3.5,788.0,788.0,12000.0,117.0,2100.0,813.0
264a0d1f1c290aa6,bayonetta 2,2014-09-20,4.1,1100.0,1100.0,6000.0,154.0,3300.0,2000.0
92c019c9cfc39f3d,sonic generations,2011-11-01,3.8,1100.0,1100.0,9900.0,133.0,1700.0,480.0
be837828db69ca3e,shin megami tensei nocturne,2003-02-20,4.2,1100.0,1100.0,4100.0,358.0,2500.0,1300.0
c458c87af7fa3b83,death's door,2021-07-20,3.8,738.0,738.0,3300.0,292.0,1700.0,1400.0
3419225e97415353,devil may cry 3 dante's awakening special edition,2006-01-24,4.4,852.0,852.0,6500.0,176.0,1400.0,481.0
2316cde4c660a418,assassin's creed 4 black flag,2013-10-29,3.7,1200.0,1200.0,13000.0,211.0,2200.0,716.0
5f2a8733a0904af5,crisis core final fantasy 7 reunion,2022-12-13,3.8,409.0,409.0,1300.0,284.0,1000.0,1300.0
60c15976097a86f3,metroid prime,2002-11-17,4.3,1400.0,1400.0,6800.0,221.0,2700.0,1200.0
771db09e77ad8c51,sonic the hedgehog 2,1992-11-21,3.7,1200.0,1200.0,10000.0,56.0,883.0,228.0
a0ebee766bdc3b2a,metal gear solid 4 guns of the patriots,2008-06-12,3.9,1200.0,1200.0,7700.0,94.0,2500.0,1300.0
19833827acd3d283,atomic heart,2023-02-21,3.0,363.0,363.0,983.0,241.0,676.0,1100.0
b46a4c80cd798402,minecraft,2017-09-20,4.2,571.0,571.0,11000.0,509.0,412.0,85.0
c0e08cd2ab1f4418,resident evil 5,2009-03-05,3.1,1000.0,1000.0,10000.0,176.0,1600.0,561.0
e58d81bd8eafaf57,the world ends with you,2007-07-26,4.2,1000.0,1000.0,5200.0,256.0,2800.0,1500.0
43e7201d76011e61,a hat in time,2017-10-05,4.0,898.0,898.0,7200.0,320.0,2700.0,1600.0
233812e661869e85,scorn,2022-10-14,3.0,348.0,348.0,1400.0,100.0,747.0,934.0
b668c5b7aff775ee,fire emblem awakening,2012-04-19,3.8,1200.0,1200.0,9500.0,287.0,2000.0,814.0
949fc05fb5704bd1,cuphead the delicious last course,2022-06-30,4.3,398.0,398.0,2200.0,154.0,989.0,951.0
a4215b60b1fcbfc7,ori and the will of the wisps,2020-03-10,4.3,1200.0,1200.0,6000.0,263.0,3700.0,2200.0
49a8d9086f55f98f,mass effect,2007-11-20,3.8,1000.0,1000.0,10000.0,172.0,2000.0,774.0
68468dfda987b0bd,return of the obra dinn,2018-10-18,4.3,1000.0,1000.0,4700.0,195.0,2600.0,2400.0
10b51db193390c7b,kingdom hearts 3,2019-01-25,3.5,1100.0,1100.0,8100.0,206.0,2600.0,1100.0
95843a90dc3eb240,fallout 3,2008-10-28,3.4,894.0,894.0,12000.0,162.0,2000.0,589.0
08a7a78c5b07b05a,uncharted drake's fortune,2007-11-16,3.1,882.0,882.0,12000.0,98.0,1200.0,460.0
82d98cfc61bc3726,zero escape nine hours nine persons nine doors,2009-12-10,4.2,949.0,949.0,6100.0,162.0,1800.0,991.0
d8a5f65062863b65,lost judgment,2021-09-24,4.3,790.0,790.0,1700.0,192.0,1700.0,1600.0
a367b212d5ebfa19,super mario 3d land,2011-11-03,3.5,1000.0,1000.0,12000.0,146.0,1000.0,461.0
87d718d46d5eb3d0,gris,2018-12-13,3.6,911.0,911.0,6600.0,227.0,2700.0,1500.0
0cad401c3b9eb74a,silent hill 3,2003-05-23,4.2,1100.0,1100.0,4900.0,156.0,2000.0,1400.0
5bfa3980c22482d8,call of duty modern warfare 2,2009-11-10,3.8,1000.0,1000.0,14000.0,34.0,666.0,276.0
c8688994825ed088,the walking dead season one,2012-04-24,4.0,1200.0,1200.0,12000.0,111.0,1100.0,467.0
c267e8a0c3f218c1,mario kart ds,2005-11-14,3.8,857.0,857.0,15000.0,36.0,417.0,159.0
f977886332520689,apex legends,2019-02-04,3.1,624.0,624.0,12000.0,669.0,463.0,82.0
dc6c0257df7c2df7,devil may cry 2,2003-01-25,1.6,620.0,620.0,6400.0,56.0,1600.0,517.0
447cc3de039547ab,the legend of zelda ocarina of time 3d,2011-06-16,4.2,1000.0,1000.0,11000.0,314.0,1900.0,572.0
49f057b8d7fe7da5,twelve minutes,2021-08-19,2.4,526.0,526.0,4000.0,63.0,738.0,801.0
fc936df7408eea2c,demon's souls,2009-02-05,4.1,1200.0,1200.0,5500.0,155.0,1700.0,1200.0
3cc784232268d3ce,persona 3 portable,2009-11-01,4.0,825.0,825.0,5500.0,492.0,1800.0,995.0
f987c5686b51c7f3,rayman legends,2013-08-30,4.0,921.0,921.0,9800.0,177.0,2300.0,643.0
b7c565b2c4b6d507,uncharted 2 among thieves,2009-10-13,3.9,1400.0,1400.0,12000.0,96.0,1500.0,515.0
d0e0478c8cbfffea,monster hunter world,2018-01-26,3.8,856.0,856.0,10000.0,474.0,2300.0,861.0
4d465e4c2e3ce4f3,milk inside a bag of milk inside a bag of milk,2020-08-26,3.3,503.0,503.0,3200.0,26.0,899.0,692.0
1fd93b7f6aaa2dae,the legend of zelda a link between worlds,2013-11-22,4.1,1300.0,1300.0,10000.0,168.0,2400.0,1100.0
2149496d78167f1e,final fantasy xiv endwalker,2021-12-07,4.6,426.0,426.0,2500.0,454.0,683.0,391.0
dfbc04b9a8839021,the legend of zelda the minish cap,2004-11-04,3.9,1100.0,1100.0,8700.0,280.0,2500.0,911.0
cafb80752458c0b3,pokémon go,2016-07-06,2.7,400.0,400.0,14000.0,575.0,197.0,22.0
5b294f00850905a5,night in the woods,2017-02-21,4.0,1100.0,1100.0,6000.0,304.0,3200.0,1500.0
c0126763d77c7945,shin megami tensei 4,2013-05-23,4.1,949.0,949.0,4300.0,397.0,2500.0,1100.0
a3fb88fcdd7012be,kingdom hearts 2,2005-12-22,4.3,1200.0,1200.0,9600.0,137.0,1600.0,652.0
4b7046bf2f6dc776,castlevania aria of sorrow,2003-05-06,4.2,1000.0,1000.0,5100.0,114.0,1700.0,871.0
11814323685f3839,halo reach,2010-09-14,4.0,1200.0,1200.0,11000.0,98.0,1200.0,370.0
6d285341b8b43d50,grand theft auto vice city,2002-10-27,3.8,1000.0,1000.0,12000.0,125.0,1600.0,526.0
6dfc28a8e5e1f960,a short hike,2019-07-30,4.1,1100.0,1100.0,5400.0,91.0,1900.0,1000.0
326b10f78c2101b4,the legend of zelda tears of the kingdom,2023-05-12,,581.0,581.0,72.0,6.0,1600.0,5400.0
25554780c40e2d75,assassin's creed 3,2012-10-30,3.0,707.0,707.0,12000.0,72.0,1200.0,390.0
e52467fb3c808911,castlevania,1986-09-26,3.4,845.0,845.0,5700.0,58.0,869.0,365.0
1fd364994c3d26eb,milk outside a bag of milk outside a bag of milk,2021-12-16,3.7,344.0,344.0,1500.0,55.0,828.0,651.0
d314fe6aaee20383,lisa,2014-12-15,4.3,761.0,761.0,2900.0,143.0,2100.0,1300.0
a65c28278c1065aa,crash bandicoot,1996-09-09,3.5,660.0,660.0,8700.0,58.0,702.0,288.0
cfb5de83a3ca8cdc,the legend of zelda the wind waker hd,2013-09-26,4.3,887.0,887.0,6700.0,183.0,1700.0,910.0
e66392885523dac1,the outer worlds,2019-10-25,3.2,582.0,582.0,6600.0,256.0,2400.0,1300.0
c2bffa61aab9de30,the legend of zelda majora's mask 3d,2015-02-12,4.1,797.0,797.0,6700.0,191.0,2200.0,813.0
b86a66a63ef1bac7,the callisto protocol,2022-12-02,2.9,266.0,266.0,737.0,62.0,511.0,1000.0
c35d7c5b4f58e1fd,the wolf among us,2013-10-11,3.9,837.0,837.0,8100.0,81.0,1500.0,678.0
c671ecdd3b2fce4a,dead space 2,2011-01-25,4.0,775.0,775.0,6000.0,97.0,1900.0,716.0
bdc922d134487abd,super mario bros. 2,1988-10-09,3.1,864.0,864.0,8400.0,40.0,767.0,189.0
512332d5e2dc8bb0,until dawn,2015-08-25,3.4,812.0,812.0,8000.0,85.0,1200.0,585.0
3df50a1a1798b60a,kid icarus uprising,2012-03-22,4.1,860.0,860.0,5400.0,140.0,1700.0,924.0
4f856ee8c4656443,chained echoes,2022-12-08,4.2,191.0,191.0,445.0,228.0,584.0,598.0
1c7b5f7686b23f8c,bioshock remastered,2016-09-14,4.0,509.0,509.0,4800.0,252.0,2200.0,341.0
07fd5f8bacb51fc5,sonic unleashed,2008-11-20,3.3,728.0,728.0,6500.0,118.0,995.0,476.0
42f39f79ba3adee6,yakuza 5 remastered,2019-06-20,4.1,665.0,665.0,2900.0,223.0,2400.0,852.0
321b83571ad5aa0f,metal gear solid 3 subsistence,2005-12-22,4.6,641.0,641.0,3700.0,50.0,949.0,639.0
9cc885eac09cf299,super mario world 2 yoshi's island,1995-08-05,4.1,1100.0,1100.0,7100.0,141.0,1500.0,360.0
745cc676ed6be647,devil may cry 4,2008-01-31,3.6,511.0,511.0,6500.0,84.0,1700.0,681.0
eb421fc872c68571,donut county,2018-08-28,3.4,695.0,695.0,5600.0,35.0,696.0,496.0
7bc5d0779c8b3bb3,assassin's creed origins,2017-10-26,3.4,788.0,788.0,7200.0,302.0,2000.0,681.0
7a009dea753d4529,ghostwire tokyo,2022-03-24,3.1,387.0,387.0,1200.0,141.0,1100.0,1200.0
b042c4303fc24681,yakuza 4 remastered,2019-01-17,3.7,655.0,655.0,3500.0,137.0,2100.0,815.0
ad54e179cbe237c5,call of duty modern warfare 2,2022-10-28,3.3,347.0,347.0,1600.0,268.0,241.0,381.0
d750bc79265e4690,crash bandicoot 4 it's about time,2020-10-02,3.8,699.0,699.0,3200.0,293.0,1700.0,1300.0
498d4586c582f10f,grand theft auto 3,2001-10-22,3.3,711.0,711.0,7800.0,88.0,1300.0,373.0
4df789695c8df3cc,dead by daylight,2016-06-14,3.0,451.0,451.0,7100.0,520.0,726.0,196.0
d0566f3d0a755c3f,abzu,2016-08-02,3.4,714.0,714.0,5400.0,59.0,2100.0,548.0
0d0315e680af67c6,batman arkham origins,2013-10-16,3.4,642.0,642.0,7800.0,125.0,1700.0,632.0
1455f7a83fbfea04,splatoon 2,2017-07-21,3.8,736.0,736.0,8900.0,215.0,697.0,419.0
9c6b39131e4f5cbb,pokémon heartgold,2009-09-12,4.2,892.0,892.0,9500.0,128.0,749.0,331.0
b083607f5d65c5bf,kena bridge of spirits,2021-09-20,3.6,491.0,491.0,2000.0,204.0,1400.0,1700.0
bf175a84edeb4f92,final fantasy 8,1999-02-11,3.6,982.0,982.0,5100.0,182.0,2400.0,715.0
6329b399c69fedc3,the elder scrolls 4 oblivion,2006-03-20,3.7,725.0,725.0,8100.0,183.0,1900.0,563.0
fd2bc62e4e158d19,the silver case,2016-10-07,4.2,641.0,641.0,1400.0,162.0,1200.0,714.0
1343c70cfdd4d05c,marvel's spider man remastered,2020-11-12,4.2,335.0,335.0,2800.0,206.0,574.0,472.0
d175de3585ab3707,alan wake,2010-05-14,3.6,702.0,702.0,6200.0,96.0,2000.0,741.0
ae882c7eb4d06b4f,a way out,2018-03-23,3.6,620.0,620.0,6400.0,127.0,945.0,668.0
2990cdacca4de6f5,lego batman the video game,2008-04-18,3.6,643.0,643.0,8800.0,82.0,920.0,152.0
319d38ec4c3a84bc,borderlands 3,2019-09-13,3.2,530.0,530.0,5700.0,356.0,2200.0,681.0
5e446a02136a7ce5,dragon ball fighterz,2018-01-26,3.7,603.0,603.0,7800.0,258.0,715.0,325.0
5a2b3955a933006d,ico,2001-09-24,4.0,671.0,671.0,3500.0,83.0,1800.0,1200.0
9afb902c6866acd9,shin megami tensei 3 nocturne hd remaster,2020-10-28,4.0,457.0,457.0,1800.0,387.0,2000.0,1300.0
3937e1589e786062,the witness,2016-01-26,3.6,651.0,651.0,5300.0,186.0,2100.0,643.0
b58ad514e2c45bd3,animal crossing new leaf,2012-11-08,4.0,813.0,813.0,9900.0,156.0,586.0,383.0
9ebbdcc6a110bacb,wo long fallen dynasty,2023-03-03,3.5,284.0,284.0,513.0,241.0,390.0,727.0
7e45b13c15befef4,final fantasy 7 remake intergrade,2021-06-10,4.2,445.0,445.0,2400.0,297.0,1400.0,790.0
cf48b89b23fcc10a,sonic adventure 2,2001-06-23,3.6,842.0,842.0,5100.0,89.0,1000.0,342.0
54f1c9c995bc9c72,destiny 2,2017-09-06,2.9,507.0,507.0,8700.0,524.0,845.0,103.0
a74706c0ab005593,kirby's dream land,1992-04-27,3.2,691.0,691.0,5300.0,22.0,411.0,178.0
bf37f5c160b976d1,mario kart 8,2014-05-29,3.9,643.0,643.0,9300.0,40.0,225.0,121.0
b314e1aca006aee6,xenoblade chronicles,2010-06-10,4.2,828.0,828.0,3900.0,142.0,1300.0,732.0
4ab77c214d1c5a24,the forgotten city,2021-07-28,3.9,471.0,471.0,1700.0,53.0,818.0,701.0
87d4a77de0cf3a28,untitled goose game,2019-09-20,3.6,642.0,642.0,6500.0,137.0,1300.0,1200.0
d47bcf8ac1c9db1b,sonic adventure 2 battle,2001-12-20,3.7,742.0,742.0,6800.0,78.0,771.0,248.0
db396fe91563c796,saints row the third,2011-11-15,3.4,482.0,482.0,9400.0,74.0,879.0,210.0
a5d4e4814d8b1ef9,call of duty black ops 3,2015-11-06,3.1,550.0,550.0,8200.0,78.0,625.0,185.0
637365642362ad70,pokémon red,1996-02-27,3.4,734.0,734.0,8800.0,57.0,425.0,154.0
813f8a8b5449715c,tinykin,2022-08-30,4.0,416.0,416.0,753.0,39.0,276.0,376.0
1c500b5cd2d226ca,dragon's dogma dark arisen,2013-04-23,3.8,458.0,458.0,3300.0,215.0,2200.0,469.0
20eb7612425d8895,brawlhalla,2014-04-30,2.6,295.0,295.0,6900.0,146.0,294.0,36.0
a42946dc8db01139,pokémon unite,2021-07-20,2.7,285.0,285.0,4500.0,263.0,184.0,65.0
b514a8fab2383494,black mesa,2020-03-06,4.1,459.0,459.0,3700.0,200.0,1500.0,600.0
13aa03593868bf1d,the messenger,2018-08-30,3.8,613.0,613.0,3700.0,157.0,1700.0,702.0
32735bef00753e88,jet set radio,2012-09-18,3.7,504.0,504.0,3500.0,112.0,1900.0,671.0
fcc7f22470b5e091,pathologic 2,2019-05-23,4.3,513.0,513.0,1300.0,155.0,1800.0,1300.0
6b685fc5610afbc7,tactics ogre reborn,2022-11-11,4.1,206.0,206.0,279.0,137.0,599.0,620.0
61a41eee74690a90,hyper light drifter,2016-03-31,3.8,599.0,599.0,4000.0,160.0,2600.0,981.0
c3fb2f57c8f471b0,left 4 dead,2008-11-17,3.6,488.0,488.0,8600.0,35.0,772.0,213.0
1a9acd8415c2fcc9,the 25th ward the silver case,2018-03-13,4.4,482.0,482.0,751.0,68.0,1000.0,738.0
200db0f2ba9d5d35,darkest dungeon,2016-01-19,3.6,476.0,476.0,5200.0,328.0,2300.0,504.0
48f0822c81652dc0,roblox,2006-09-01,2.8,187.0,187.0,5100.0,213.0,102.0,14.0
0b7848ad8f3fb62d,the last guardian,2016-12-06,3.7,658.0,658.0,3200.0,83.0,2300.0,1300.0
5c3082ddb494adb0,drakengard 3,2013-12-19,3.8,503.0,503.0,1900.0,128.0,1400.0,946.0
ea52bb23fd6ef451,half life 2 episode one,2006-06-01,3.7,469.0,469.0,7000.0,39.0,1600.0,262.0
e0f0903b7c82cc4c,assassin's creed revelations,2011-11-14,3.3,628.0,628.0,8700.0,64.0,1000.0,343.0
618c597926f4f2e0,half life 2 episode two,2007-10-09,4.1,517.0,517.0,6900.0,43.0,1800.0,301.0
f5d17010a5d77234,mega man,1987-12-17,2.8,639.0,639.0,5400.0,26.0,452.0,152.0
79279e31eae8db22,powerwash simulator,2021-05-19,3.7,304.0,304.0,1700.0,242.0,255.0,274.0
bdc852793ae152f0,cave story,2004-12-20,4.2,543.0,543.0,3700.0,87.0,1300.0,693.0
7cbfe33333161677,final fantasy xiv shadowbringers,2019-07-02,4.6,401.0,401.0,3000.0,192.0,517.0,267.0
e243b612b80c63c3,days gone,2019-04-26,3.2,610.0,610.0,3900.0,212.0,1800.0,644.0
790168fb05a72c5a,tom clancy's rainbow six siege,2015-12-01,3.2,424.0,424.0,7900.0,302.0,381.0,139.0
c075d51d7c11ac77,trek to yomi,2022-05-05,2.7,262.0,262.0,1000.0,67.0,457.0,446.0
c7cb2c1ad369a2dd,sonic cd,1993-09-23,3.4,629.0,629.0,4900.0,43.0,656.0,223.0
eebd8ef5fd73ce27,mario kart double dash!!,2003-11-07,3.9,808.0,808.0,8400.0,31.0,449.0,265.0
6ea60ca6b65f4228,rayman origins,2011-11-15,3.8,547.0,547.0,6200.0,85.0,1200.0,417.0
70cd0db41d0f0c81,klonoa phantasy reverie series,2022-07-08,3.8,197.0,197.0,647.0,119.0,563.0,782.0
fc84eb71dc53839e,hitman 2,2018-11-13,4.0,605.0,605.0,5000.0,164.0,1800.0,607.0
dab46445dbe4b92e,max payne 3,2012-05-15,3.7,593.0,593.0,5600.0,43.0,1000.0,518.0
f036f8d680bef3d7,catherine full body,2019-02-14,3.8,451.0,451.0,2600.0,152.0,1700.0,1200.0
2d5f2ca3902d77b5,kirby planet robobot,2016-04-28,4.2,669.0,669.0,3600.0,82.0,1000.0,644.0
113ff0f96457b314,battlefield 1,2016-10-21,3.4,513.0,513.0,7200.0,108.0,741.0,150.0
ebb5654adf5a03d9,kirby’s return to dream land deluxe,2023-02-24,4.2,230.0,230.0,408.0,159.0,246.0,513.0
b94690c7f241b783,persona 2 eternal punishment,2000-06-29,4.1,594.0,594.0,1600.0,107.0,2000.0,993.0
b1d43cd331b4bdca,star wars battlefront 2,2017-11-17,3.1,534.0,534.0,7800.0,128.0,826.0,140.0
3020c4107f5d7436,super paper mario,2007-04-09,3.8,688.0,688.0,6200.0,76.0,1500.0,572.0
e68b5e07c3acb8a6,the great ace attorney 2 resolve,2017-08-03,4.6,386.0,386.0,1100.0,75.0,771.0,468.0
2afc9e9617525cbb,bugsnax,2020-11-12,3.6,625.0,625.0,2700.0,141.0,1300.0,671.0
9694b908f27ed8f1,star wars battlefront 2,2005-10-31,4.0,650.0,650.0,7700.0,35.0,520.0,189.0
739f156c87f3838a,pokémon shield,2019-11-15,2.9,548.0,548.0,6300.0,193.0,514.0,253.0
6c294022eeca67e7,super castlevania 4,1991-10-31,3.7,627.0,627.0,3700.0,45.0,863.0,271.0
132d3e0c5a851b70,brothers a tale of two sons,2013-08-07,3.5,511.0,511.0,4000.0,28.0,1300.0,334.0
c6825f10a6b7b330,call of duty modern warfare,2019-10-25,3.4,525.0,525.0,5100.0,84.0,431.0,339.0
9cad93baf683b909,goldeneye 007,1997-08-23,3.6,610.0,610.0,4500.0,60.0,646.0,334.0
42047bec4a39054a,warioware inc. mega microgames!,2003-03-21,3.9,523.0,523.0,3500.0,43.0,374.0,227.0
71edb30d0a1dcbc9,evil west,2022-11-22,3.3,148.0,148.0,335.0,38.0,293.0,510.0
d9fa845b2f3c6998,gravity rush 2,2017-01-18,3.9,516.0,516.0,2100.0,122.0,1900.0,1000.0
ad780cccb435622e,metroid prime 2 echoes,2004-11-15,4.0,606.0,606.0,3000.0,75.0,1800.0,588.0
b49169d68cd72af4,the forest,2018-04-30,3.2,293.0,293.0,4500.0,143.0,597.0,291.0
ffc3543fcf0ba0c1,crosscode,2018-09-20,4.0,351.0,351.0,1500.0,213.0,1500.0,741.0
ebdce6cab2d053ed,sekiro shadows die twice goty edition,2020-10-28,4.6,173.0,173.0,1400.0,153.0,461.0,373.0
d2273ca4dfe8cde3,saints row 4,2013-08-19,3.1,386.0,386.0,7200.0,64.0,775.0,176.0
703d66f332988703,fallout 2,1998-10-29,4.1,532.0,532.0,2400.0,72.0,2100.0,493.0
a19f8f73744d27e5,chrono cross,1999-11-18,4.0,554.0,554.0,1700.0,60.0,1500.0,768.0
e63a122002b6b4ae,fire emblem path of radiance,2005-04-20,4.2,703.0,703.0,2900.0,155.0,1500.0,716.0
d69e83309aa4aae3,kingdom hearts final mix,2002-12-26,3.8,428.0,428.0,3700.0,104.0,452.0,162.0
2e7a3e96c45b427b,professor layton and the curious village,2007-02-15,3.7,439.0,439.0,4200.0,128.0,879.0,407.0
619869ec02598d0a,ys 8 lacrimosa of dana,2016-07-21,4.2,620.0,620.0,1900.0,131.0,1100.0,575.0
32e4b6d9de9c91f7,hotel dusk room 215,2007-01-22,4.0,439.0,439.0,1600.0,87.0,1300.0,838.0
1000305b22b1b6ff,postal 2,2003-04-13,3.4,338.0,338.0,3400.0,67.0,739.0,183.0
29e4c03a9e35009f,fez,2012-04-13,3.6,493.0,493.0,4400.0,90.0,1500.0,561.0
b58175a40c201fc0,marvel's midnight suns,2022-12-02,3.9,172.0,172.0,280.0,145.0,277.0,459.0
69b7def078f44f61,streets of rage 4,2020-04-30,3.9,620.0,620.0,2900.0,80.0,693.0,538.0
7b0d9548ba72986e,shin megami tensei persona,2009-10-22,2.9,416.0,416.0,2500.0,161.0,1600.0,797.0
7128aeb5d1a02de5,kirby's return to dream land,2011-10-24,4.0,509.0,509.0,4100.0,58.0,675.0,409.0
8030ab2ba85171b7,bioshock 2 remastered,2016-09-14,3.7,295.0,295.0,2400.0,71.0,2000.0,246.0
13c8b6596fdf7a42,god of war chains of olympus,2008-03-04,3.2,396.0,396.0,4000.0,31.0,599.0,300.0
b00e1957076ed5b3,splatoon,2015-05-28,3.7,509.0,509.0,6100.0,28.0,320.0,227.0
8e96e641f321ee8c,nickelodeon all star brawl,2021-10-05,2.5,251.0,251.0,1900.0,51.0,280.0,172.0
e313aa92dc5cb92c,the great ace attorney adventures,2015-07-09,4.1,385.0,385.0,1600.0,141.0,838.0,586.0
9db75e5af720e5b1,sonic rush,2005-11-15,3.6,536.0,536.0,4600.0,61.0,671.0,292.0
71895b41a8c712df,chrono trigger,2008-11-20,4.4,295.0,295.0,2400.0,135.0,1300.0,499.0
2436b4d816ac8e54,street fighter 5,2016-02-15,3.0,377.0,377.0,5000.0,109.0,482.0,166.0
2dcd210e6179d9c7,somerville,2022-11-15,2.8,169.0,169.0,442.0,20.0,200.0,377.0
c99eedf0874f1fb2,bully scholarship edition,2008-02-04,4.0,330.0,330.0,3900.0,92.0,1000.0,457.0
0372c920e6f4ef2c,borderlands the pre sequel,2014-10-14,2.9,375.0,375.0,5300.0,100.0,1900.0,238.0
cb6bdb6f67dde196,star wars jedi survivor,2023-04-28,,250.0,250.0,13.0,2.0,367.0,1400.0
f4b70c9e910ce4c2,alice madness returns,2011-06-14,3.5,358.0,358.0,2800.0,113.0,1200.0,636.0
05874abeca1a9c10,super mario 3d all stars,2020-09-18,3.5,422.0,422.0,4700.0,391.0,1600.0,319.0
1b17770744ebd241,s.t.a.l.k.e.r. shadow of chernobyl,2007-03-20,3.9,426.0,426.0,2500.0,119.0,1400.0,583.0
aee4373abae86638,jojo’s bizarre adventure all star battle r,2022-09-01,3.4,122.0,122.0,796.0,71.0,191.0,372.0
863589afb02712f1,geometry dash,2013-08-12,3.1,197.0,197.0,5100.0,95.0,181.0,42.0
c89ba944ba594173,mario + rabbids sparks of hope,2022-10-20,3.9,253.0,253.0,356.0,145.0,394.0,645.0
d7115c830fbe46ff,back 4 blood,2021-10-12,2.5,284.0,284.0,2900.0,137.0,489.0,335.0
492db58df14224f2,half life alyx,2020-03-23,4.6,515.0,515.0,1900.0,210.0,1200.0,1400.0
41819d71d5e2e496,hyper demon,2022-09-19,4.1,99.0,99.0,245.0,26.0,231.0,268.0
c0d0669fe5420329,mortal kombat,2011-04-19,3.6,468.0,468.0,6600.0,19.0,289.0,120.0
4c2c6452511a523c,resident evil,1996-03-22,3.7,688.0,688.0,3400.0,41.0,577.0,323.0
40140096c65ca7f7,call of duty ghosts,2013-11-05,2.4,411.0,411.0,6500.0,9.0,353.0,150.0
c736bffa5a5d2121,ridge racer type 4,1998-12-03,4.2,465.0,465.0,1000.0,33.0,436.0,316.0
444fff2b0cc13bee,lil gator game,2022-12-14,4.1,137.0,137.0,247.0,22.0,167.0,314.0
4bb4e27041789d6c,oxenfree,2016-01-14,3.6,592.0,592.0,3900.0,70.0,1700.0,449.0
cbdbb8dbbb7de3ef,overcooked! 2,2018-08-07,3.6,414.0,414.0,4900.0,227.0,889.0,184.0
c35d6a3046de03b7,before your eyes,2021-04-08,4.2,421.0,421.0,1200.0,25.0,584.0,631.0
be1bd9b1baeb0a1f,sly cooper and the thievius raccoonus,2002-09-23,3.7,525.0,525.0,3700.0,44.0,772.0,391.0
7a3f95edcf7e0667,nobody saves the world,2022-01-18,3.5,256.0,256.0,949.0,99.0,399.0,385.0
bf1e30e2e2240a7b,crazy taxi,1999-02-12,3.6,425.0,425.0,4800.0,19.0,556.0,227.0
0cdc374e5084e003,chrono cross the radical dreamers edition,2022-04-07,3.6,130.0,130.0,358.0,65.0,775.0,763.0
3304a95150ef63e4,spore,2008-09-04,3.3,238.0,238.0,6000.0,34.0,427.0,170.0
58f77757643eb2a6,dwarf fortress,2022-12-06,4.6,48.0,48.0,225.0,80.0,181.0,195.0
202c7a1bffada3ec,klonoa 2 lunatea's veil,2001-03-22,4.2,379.0,379.0,1100.0,31.0,573.0,399.0
d2376a90b15f8640,pokémon blue,1996-10-15,3.6,549.0,549.0,5900.0,50.0,287.0,101.0
7378a9cdc66fdbb7,planescape torment,1999-12-12,4.3,417.0,417.0,1100.0,74.0,1100.0,518.0
e540a5bce5b65e6c,far cry 3 blood dragon,2013-05-01,3.4,329.0,329.0,4400.0,15.0,946.0,275.0
989915975831a919,battleblock theater,2013-04-03,3.5,272.0,272.0,5500.0,83.0,750.0,163.0
afe3a8ed4e649c25,the beginner's guide,2015-10-01,4.0,443.0,443.0,2700.0,7.0,415.0,484.0
6427f5cf8241b463,we love katamari reroll + royal reverie,2023-06-02,,51.0,51.0,3.0,0.0,74.0,291.0
1e8db604550ef87c,naruto shippuden ultimate ninja storm 4,2016-02-04,3.5,264.0,264.0,4800.0,45.0,366.0,134.0
dc692b438b6559c8,mega man 3,1990-09-28,3.4,599.0,599.0,3800.0,25.0,470.0,140.0
6983b0004ebbb292,ni no kuni wrath of the white witch,2011-11-17,3.7,438.0,438.0,2400.0,161.0,1700.0,682.0
99a5677b0450cc13,fortnite chapter 4,2022-12-04,3.5,70.0,70.0,365.0,77.0,9.0,2.0
3a856289c7e4cc37,danganronpa another episode ultra despair girls,2015-09-01,2.7,276.0,276.0,3400.0,92.0,797.0,355.0
78ed99ae0c7132c7,the artful escape,2021-09-09,3.3,346.0,346.0,1100.0,38.0,381.0,353.0
9fb58695883c6ecb,dishonored definitive edition,2013-10-08,4.1,229.0,229.0,1600.0,55.0,691.0,140.0
667ee45a3853d720,pac man world re pac,2022-08-25,3.5,161.0,161.0,368.0,25.0,191.0,294.0
2a68a13461b70681,ib,2022-04-11,4.0,114.0,114.0,787.0,13.0,322.0,453.0
116c929fda3f5da5,castlevania circle of the moon,2001-03-21,3.0,362.0,362.0,2100.0,62.0,742.0,272.0
92c21ca921b1bfb8,higurashi when they cry,2002-08-10,4.2,311.0,311.0,1100.0,97.0,545.0,435.0
7f766af5934232fe,life is strange before the storm,2017-08-31,3.3,468.0,468.0,4000.0,66.0,765.0,359.0
89df057d4cce14d5,darkwood,2017-08-17,3.9,262.0,262.0,836.0,97.0,1000.0,406.0
9f053be12993701d,beyond good & evil,2003-11-11,3.9,436.0,436.0,2300.0,35.0,1500.0,629.0
29283ed40a41e12a,metroid 2 return of samus,1991-08-26,3.1,445.0,445.0,2100.0,39.0,595.0,193.0
ca4250b53fa0c171,shenmue,1999-12-29,3.8,496.0,496.0,1600.0,61.0,993.0,494.0
d2733c30373d4518,project zomboid,2013-11-08,3.6,133.0,133.0,1700.0,205.0,319.0,212.0
9ac152b21e1f6393,crash team racing,1999-09-30,4.0,455.0,455.0,4800.0,18.0,327.0,165.0
b98dd350f0ee4450,carrion,2020-07-23,3.3,432.0,432.0,2800.0,83.0,729.0,601.0
38a530d8bd510775,gears of war 2,2008-11-07,3.7,504.0,504.0,4600.0,31.0,522.0,225.0
69f5e3a555a14d77,phoenix wright ace attorney dual destinies,2013-07-25,3.4,430.0,430.0,3300.0,105.0,1100.0,497.0
41bb2f50e4dd5eb6,the legend of zelda oracle of seasons,2001-02-27,3.7,544.0,544.0,3100.0,65.0,1600.0,489.0
8770df7c2d516026,wild hearts,2023-02-16,3.2,103.0,103.0,73.0,45.0,108.0,246.0
9ed0f58fcc3535fc,god of war ascension,2013-03-12,2.9,318.0,318.0,2700.0,27.0,625.0,351.0
d1112e2b8d149d1b,xenosaga episode 3 also sprach zarathustra,2006-07-06,4.3,399.0,399.0,762.0,23.0,908.0,448.0
b3f9f16276523993,kirby's dream land 3,1997-11-27,3.4,469.0,469.0,2600.0,49.0,750.0,179.0
b3e09a1c8cf840c6,castlevania harmony of dissonance,2002-06-06,3.2,399.0,399.0,2000.0,51.0,802.0,288.0
6fa62de124549640,shantae and the pirate's curse,2014-10-22,3.8,392.0,392.0,2200.0,72.0,1100.0,449.0
7b0999b7deabd24c,happy wheels,2010-06-04,2.8,124.0,124.0,5100.0,3.0,61.0,21.0
b7508dd286679e2b,guilty gear xx accent core plus r,2012-09-20,4.1,423.0,423.0,2500.0,142.0,301.0,142.0
d69ced9b03009569,fire emblem fates birthright,2015-06-25,2.7,405.0,405.0,4300.0,107.0,801.0,260.0
46d4ab2a98e41d3f,final fantasy 4,1991-07-19,3.7,530.0,530.0,2700.0,60.0,964.0,379.0
06fc66b1b78009a3,devil may cry 5 special edition,2020-11-10,4.5,265.0,265.0,1000.0,70.0,416.0,286.0
5fdf635ee6fd989c,castlevania 3 dracula's curse,1990-09-01,3.6,501.0,501.0,2400.0,36.0,606.0,217.0
3fa770d5938b0ccd,gloomwood,2022-09-05,4.0,141.0,141.0,265.0,36.0,338.0,459.0
5f2711127116ad05,call of duty advanced warfare,2014-11-03,2.5,415.0,415.0,5200.0,13.0,308.0,151.0
a5c57cb40a13471b,the legend of heroes trails of cold steel,2013-09-26,3.7,499.0,499.0,2100.0,129.0,1000.0,461.0
7548c9010622a585,metal gear solid 3 snake eater hd edition,2011-11-08,4.6,293.0,293.0,2500.0,34.0,554.0,244.0
e649f8bbe5440704,mario kart super circuit,2001-07-21,2.8,389.0,389.0,3700.0,24.0,256.0,101.0
227dd37cb36baada,pokémon shining pearl,2021-11-18,2.9,281.0,281.0,1900.0,203.0,444.0,199.0
17ff5abebbf6016f,pubg battlegrounds,2017-12-20,2.4,299.0,299.0,5200.0,46.0,253.0,32.0
4cee0a8a52199502,earthblade,2024-12-31,,83.0,83.0,0.0,1.0,103.0,529.0
e3b00ced92804a37,rule of rose,2006-01-19,3.8,394.0,394.0,727.0,33.0,796.0,770.0
a4399a5f43a76d32,lollipop chainsaw,2012-06-12,3.4,295.0,295.0,1600.0,32.0,717.0,695.0
5da49f8e3c68674d,pokémon leafgreen,2004-01-29,3.8,413.0,413.0,5900.0,62.0,326.0,128.0
cf768cf37d181267,bowser's fury,2021-02-12,3.9,497.0,497.0,2100.0,35.0,466.0,314.0
e29dc73a189a5f3b,zeroranger,2018-09-28,4.3,317.0,317.0,561.0,30.0,422.0,356.0
e29523f9b8b2eff7,labyrinth of galleria the moon society,2020-11-26,4.3,49.0,49.0,67.0,26.0,120.0,193.0
a3c007087afdc197,street fighter 2,1991-02-01,3.5,433.0,433.0,4300.0,11.0,158.0,99.0
142213189eef8214,resident evil revelations,2012-01-26,3.2,469.0,469.0,2900.0,55.0,939.0,297.0
2b9580213214db7e,shin megami tensei,1992-10-30,3.3,433.0,433.0,1300.0,146.0,868.0,455.0
fba3d8c2172062ec,tomb raider,1996-10-25,3.3,395.0,395.0,2700.0,45.0,773.0,263.0
1c39f327ba90ef0b,fifa 23,2022-09-29,2.6,47.0,47.0,523.0,112.0,27.0,36.0
68cd6a0ee5402dd0,battlefield bad company 2,2010-03-02,3.6,288.0,288.0,4200.0,23.0,349.0,119.0
c691c79c289f1a50,the walking dead a new frontier,2016-12-20,2.8,345.0,345.0,2900.0,19.0,423.0,181.0
3e51fc0be1e91b9f,ninja gaiden black,2005-09-20,4.3,294.0,294.0,992.0,41.0,495.0,343.0
2fa75b595dccd0cb,sid meier's civilization 5,2010-09-21,3.9,320.0,320.0,5400.0,56.0,369.0,140.0
86772889d6cbd4ae,world of horror,2020-02-20,3.7,257.0,257.0,871.0,59.0,796.0,949.0
4edbd72819acacb0,fire emblem shadow dragon,2008-08-07,3.2,361.0,361.0,1900.0,78.0,808.0,235.0
6f7d9bbfff433ab7,tomodachi life,2013-04-18,3.7,281.0,281.0,3400.0,59.0,180.0,133.0
1a9f30a0dc8707a0,downwell,2015-10-14,3.5,363.0,363.0,3700.0,60.0,659.0,219.0
a001ae45eae83302,spongebob squarepants battle for bikini bottom,2003-10-31,3.8,326.0,326.0,3400.0,22.0,370.0,216.0
d48d0bfce3a4b97a,lego harry potter years 1 4,2010-06-25,3.2,349.0,349.0,4100.0,53.0,449.0,113.0
88bbf34fc414566a,dragon quest 5 hand of the heavenly bride,2008-07-17,4.2,371.0,371.0,1400.0,85.0,1000.0,478.0
a09387a5e8b8de16,fear & hunger,2018-12-11,3.8,48.0,48.0,110.0,39.0,167.0,185.0
9f356ba1b4023b3e,for honor,2017-02-13,2.8,236.0,236.0,4100.0,56.0,579.0,91.0
643f2bfd32531768,sonic lost world,2013-10-18,2.5,395.0,395.0,2500.0,34.0,498.0,214.0
e00fde12e1e96cc1,bug fables the everlasting sapling,2019-11-21,4.1,357.0,357.0,1000.0,146.0,1100.0,535.0
9ce9cd57bc3e9b9f,hyrule warriors age of calamity,2020-11-19,3.5,531.0,531.0,2700.0,308.0,1100.0,695.0
82ece28a4938a064,lego batman 3 beyond gotham,2014-11-11,3.1,373.0,373.0,2900.0,37.0,801.0,113.0
cb77f8a8a4bf5d49,moonscars,2022-09-27,2.9,97.0,97.0,248.0,24.0,179.0,212.0
2002e65dd57ebaeb,the witcher 3 wild hunt hearts of stone,2015-10-12,4.4,159.0,159.0,3100.0,39.0,487.0,106.0
53d532a91d3414fe,remnant from the ashes,2019-08-20,3.2,304.0,304.0,2100.0,71.0,1000.0,180.0
d01182b3cdf3fb75,halo 5 guardians,2015-10-27,2.5,500.0,500.0,3500.0,31.0,602.0,257.0
3f8a6229b6202ec9,hearthstone,2014-03-11,2.9,212.0,212.0,5500.0,105.0,128.0,24.0
e65db3573c03d8e9,ultimate spider man,2005-09-21,3.6,300.0,300.0,3700.0,25.0,382.0,280.0
0378382f802672d8,chop goblins,2022-12-12,3.5,56.0,56.0,195.0,4.0,42.0,38.0
9f8f5cefe8c1a9de,secret of mana,1993-08-06,3.3,413.0,413.0,1900.0,57.0,1300.0,511.0
8559e76c9b67c1ea,428 shibuya scramble,2008-12-04,4.2,249.0,249.0,676.0,87.0,1000.0,588.0
8f8bf99594043075,potion craft,2021-09-21,3.2,77.0,77.0,471.0,83.0,233.0,187.0
3efed73e1f9064d7,mega man legends,1997-12-18,3.7,361.0,361.0,1400.0,51.0,851.0,364.0
51d22ca109f185ac,xenoblade chronicles future connected,2020-05-29,3.5,232.0,232.0,1900.0,55.0,485.0,97.0
3182197fc9854c22,crab game,2021-10-29,2.5,96.0,96.0,2300.0,14.0,117.0,22.0
2f72a46726692e31,neet girl date night,2022-10-21,2.7,21.0,21.0,106.0,1.0,44.0,42.0
0fe3eb7669c94522,dante's inferno,2010-02-04,3.2,321.0,321.0,2600.0,40.0,567.0,334.0
7a4c12eb7cdafea0,haunting ground,2005-04-21,3.8,281.0,281.0,597.0,29.0,625.0,572.0
d35285c22f9750ed,assassin's creed rogue,2014-11-11,3.2,384.0,384.0,3400.0,27.0,861.0,330.0
7cdd900064f5b1d7,garten of banban 2,2023-03-03,1.5,16.0,16.0,55.0,0.0,6.0,3.0
51fa3f7bc63f756f,pokémon stadium,1999-04-30,3.3,340.0,340.0,5400.0,16.0,369.0,157.0
216d67fe9567c33a,outlast 2,2017-04-25,2.8,279.0,279.0,2700.0,44.0,891.0,253.0
5a6b9cc290133d5a,elden ring shadow of the erdtree,,4.8,18.0,18.0,1.0,0.0,39.0,146.0
fea4b33ac816f5f3,ni no kuni 2 revenant kingdom,2018-03-23,3.3,269.0,269.0,1700.0,81.0,1500.0,537.0
66ee4572e33bcf97,metal gear,1987-07-13,2.9,344.0,344.0,1900.0,29.0,539.0,213.0
ba7c28da5bdd6602,disney's aladdin,1993-11-21,3.4,203.0,203.0,2200.0,9.0,192.0,85.0
cfc5b4e551323b99,fable 2,2008-10-21,3.6,310.0,310.0,3200.0,22.0,580.0,271.0
b98c52e3d0499fe5,celeste farewell,2019-09-09,4.5,58.0,58.0,648.0,32.0,224.0,139.0
02127d820ff64d8d,axiom verge 2,2021-08-11,3.4,116.0,116.0,312.0,20.0,404.0,313.0
1072d9a9185b760a,lightning returns final fantasy xiii,2013-11-21,3.1,362.0,362.0,1500.0,44.0,1300.0,426.0
7d69a55ee8cb1462,yakuza 2,2006-12-07,4.0,331.0,331.0,1000.0,28.0,491.0,255.0
c506efdf807be1aa,f zero 10,1998-07-14,3.9,354.0,354.0,1700.0,15.0,387.0,172.0
6ce2a5805676b43c,chibi robo!,2005-06-23,4.1,386.0,386.0,1000.0,33.0,695.0,477.0
99ad56d697c3f815,super mario sunshine,2020-09-18,3.7,19.0,19.0,340.0,6.0,83.0,14.0
a930ff1bf22a2d7e,rimworld,2018-10-17,4.2,149.0,149.0,1600.0,142.0,382.0,366.0
d483fff40c26e1bf,professor layton and the miracle mask,2011-02-26,3.7,192.0,192.0,1300.0,42.0,518.0,253.0
e4f08465d694f091,mega man x5,2000-11-30,3.2,334.0,334.0,2200.0,11.0,450.0,126.0
c0f164e9a449cb9f,tokyo necro,2016-01-29,4.6,21.0,21.0,14.0,22.0,50.0,69.0
4ce01daa18c44bad,disney dreamlight valley,2022-09-06,3.5,130.0,130.0,329.0,169.0,102.0,136.0
222f6f9a6aff6787,mega man 7,1995-03-24,3.5,405.0,405.0,2400.0,19.0,461.0,139.0
879e1eeaad064112,figment,2017-09-22,2.8,124.0,124.0,183.0,20.0,392.0,35.0
08997dc9d06d990e,flower sun and rain murder and mystery in paradise,2008-03-06,4.2,178.0,178.0,408.0,27.0,321.0,209.0
2908c1f93a854057,professor layton vs. phoenix wright ace attorney,2012-11-29,3.6,275.0,275.0,1800.0,68.0,882.0,484.0
a5e52995aaddf204,metal gear solid the twin snakes,2004-03-09,3.6,267.0,267.0,1900.0,31.0,619.0,364.0
bac56953f6691bfd,the simpsons game,2007-10-30,3.0,200.0,200.0,3800.0,20.0,283.0,156.0
435485f095447537,mega man zero 2,2003-05-02,3.7,317.0,317.0,1900.0,21.0,529.0,180.0
f836cf16e1b557b5,gears 5,2019-09-09,3.4,382.0,382.0,2100.0,70.0,589.0,221.0
e4bf5e6b4664e3d3,crash of the titans,2007-10-04,3.0,200.0,200.0,3800.0,18.0,196.0,122.0
ddf2d455f774e92c,alan wake remastered,2021-10-05,3.7,209.0,209.0,690.0,62.0,481.0,402.0
511ca30317fe5a76,final fantasy xv royal edition,2018-03-06,3.7,225.0,225.0,1700.0,92.0,672.0,160.0
56d0afd782fe882a,the witcher,2007-10-26,3.0,220.0,220.0,1600.0,57.0,540.0,168.0
def0e34137764377,final fantasy 3,2006-08-24,3.1,342.0,342.0,2600.0,59.0,891.0,290.0
ef907549c853c781,snatcher,1992-10-23,4.0,242.0,242.0,547.0,25.0,607.0,434.0
79e2a7593724e001,hello charlotte ep.3 childhood's end,2018-01-05,4.3,137.0,137.0,424.0,15.0,191.0,167.0
68218c86bc7f4199,star wars battlefront,2004-09-20,3.5,255.0,255.0,4100.0,9.0,261.0,109.0
f8d0151bad791deb,ikaruga,2001-12-20,4.0,364.0,364.0,1300.0,37.0,664.0,424.0
c6193af0660fc2bf,diablo 4,2023-06-06,,148.0,148.0,19.0,10.0,179.0,677.0
077b340dafe36826,ys the oath in felghana,2005-07-04,4.0,311.0,311.0,1000.0,32.0,503.0,210.0
d329f49194145e43,american mcgee's alice,2000-12-06,3.4,242.0,242.0,1100.0,42.0,513.0,401.0
9178d38b79673450,call of duty,2003-10-29,3.3,274.0,274.0,2800.0,23.0,202.0,136.0
628b754cd8b2d207,armored core 2,2000-10-26,3.6,92.0,92.0,278.0,18.0,232.0,119.0
2a6d9db4eff02b3a,clash of clans,2012-08-02,2.5,73.0,73.0,2600.0,57.0,36.0,8.0
33a2b2a20f4af08e,fate/stay night,2004-01-30,4.0,258.0,258.0,1900.0,135.0,655.0,471.0
3a880be95c8ab225,tabletop simulator,2015-06-05,3.7,147.0,147.0,3200.0,89.0,179.0,87.0
0e2950ba0b62d238,duskers,2016-05-18,3.6,51.0,51.0,61.0,3.0,165.0,45.0
fe4271c47a672e3f,control ultimate edition,2020-08-27,4.0,233.0,233.0,1400.0,124.0,884.0,195.0
860c06ce94ead1a1,advance wars,2001-09-10,3.7,266.0,266.0,1900.0,52.0,640.0,266.0
b080ce327e378e3c,touhou koumakyou the embodiment of scarlet devil,2002-08-11,3.8,217.0,217.0,1900.0,65.0,255.0,178.0
de5e5f5e830438dd,weird west,2022-03-31,3.0,156.0,156.0,405.0,46.0,396.0,337.0
4dad0e9d0bb59753,pokémon mystery dungeon blue rescue team,2005-11-17,3.7,273.0,273.0,3800.0,28.0,441.0,154.0
d0ba970f21d5bfb4,warioware gold,2018-07-27,3.9,264.0,264.0,1700.0,35.0,305.0,235.0
ee14054231f9441c,dragon ball xenoverse,2015-02-05,2.9,198.0,198.0,3700.0,23.0,229.0,71.0
1356be5e44646a5c,call of duty black ops 4,2018-10-12,2.3,248.0,248.0,3500.0,15.0,279.0,100.0
f3df4e9b60332fcc,bloodborne game of the year edition,2015-11-27,4.6,238.0,238.0,1500.0,57.0,323.0,255.0
3d0b6b5336a9e4de,ape out,2019-02-28,3.5,329.0,329.0,1800.0,46.0,697.0,324.0
4654a8980a75574d,warioware smooth moves,2006-12-02,3.9,319.0,319.0,3100.0,7.0,256.0,189.0
38a1c288bb89953f,puyo puyo tetris,2014-02-06,3.8,233.0,233.0,3100.0,51.0,333.0,198.0
4f1fcc5dd19a6815,prince of persia warrior within,2004-11-30,3.5,237.0,237.0,2800.0,20.0,551.0,220.0
f8ae075897fb40fe,kentucky route zero tv edition,2020-01-27,4.1,319.0,319.0,772.0,90.0,636.0,402.0
5dcdd619dc06d799,factorio,2020-08-14,4.2,189.0,189.0,1600.0,114.0,393.0,354.0
169c99a8d289cbcb,scott pilgrim vs. the world the game complete edition,2021-01-14,3.6,229.0,229.0,1200.0,102.0,637.0,363.0
e39dc5aeb13459c6,monster hunter 4 ultimate,2014-10-11,4.2,260.0,260.0,2000.0,66.0,418.0,159.0
0744748c358ce9c9,fruit ninja classic,2010-04-20,2.7,54.0,54.0,3800.0,1.0,32.0,10.0
80970d1dd5f4a6f2,doom,2017-11-10,3.9,80.0,80.0,2300.0,37.0,393.0,150.0
d3ce82148b912303,tom clancy's the division,2016-03-07,2.8,239.0,239.0,2900.0,40.0,332.0,78.0
1294152f75aa6fa7,crysis 2,2011-03-22,3.1,180.0,180.0,2900.0,10.0,411.0,155.0
3fc747badf5327c0,resident evil 4 wii edition,2007-05-31,4.4,151.0,151.0,1100.0,16.0,213.0,76.0
9827f60bbf2a04ab,nuclear throne,2015-12-05,3.7,262.0,262.0,2200.0,65.0,587.0,146.0
429f2083218d7882,super hexagon,2012-08-31,3.4,204.0,204.0,2300.0,23.0,236.0,54.0
c379cf1a821589ca,condemned criminal origins,2005-11-16,3.5,248.0,248.0,1300.0,32.0,528.0,270.0
0305673feb1ea9e1,playstation all stars battle royale,2012-11-20,2.4,208.0,208.0,2600.0,3.0,132.0,78.0
25530e5ac6ebcf09,dragon quest,2004-03-01,3.1,349.0,349.0,1800.0,43.0,486.0,221.0
76556ad55cc944a1,pac man in a tin,2023-03-22,,0.0,0.0,1.0,0.0,1.0,2.0
2bbb04e0cb4ddbc1,mount & blade warband,2010-03-31,3.9,168.0,168.0,2400.0,39.0,309.0,110.0
d067a31155478b7d,monster hunter generations ultimate,2017-03-18,4.2,179.0,179.0,1500.0,132.0,442.0,174.0
2870ff9ac1fa8a25,the jackbox party pack 3,2016-10-18,3.8,152.0,152.0,2700.0,17.0,56.0,35.0
b1f889595a225aed,digimon world next order,2016-03-17,3.1,66.0,66.0,321.0,40.0,242.0,133.0
bfa66ca535f36112,odin sphere leifthrasir,2016-01-14,4.1,228.0,228.0,895.0,71.0,740.0,349.0
caddca4fc5c50075,bulletstorm,2011-02-22,3.2,159.0,159.0,2300.0,6.0,299.0,125.0
1e09b70d81b398e8,the witcher 2 assassins of kings,2011-05-17,3.6,181.0,181.0,1600.0,21.0,605.0,169.0
c5bd6099ca003458,pokémon añil,2023-03-23,,2.0,2.0,1.0,0.0,1.0,7.0
8364c815f4d8e41d,animal crossing city folk,2008-11-16,3.4,232.0,232.0,3100.0,17.0,215.0,129.0
f5c0fd4e5a082b74,microsoft minesweeper,1990-10-08,3.2,83.0,83.0,2400.0,15.0,28.0,6.0
46ccdac2e4699309,sonic 3d blast,1996-11-14,2.3,315.0,315.0,2300.0,12.0,259.0,73.0
004db126e46138dc,mario party 4,2002-10-21,3.5,231.0,231.0,3000.0,7.0,156.0,113.0
b88cc71a5f4cda3b,mario party 3,2000-12-07,3.7,219.0,219.0,2800.0,6.0,168.0,123.0
8e91c562bd0ef25e,peggle,2007-02-27,3.6,185.0,185.0,2500.0,20.0,122.0,35.0
736c949d8cca5a1d,plague inc evolved,2015-09-18,3.1,88.0,88.0,4000.0,31.0,217.0,62.0
2ae9385a0c8dc7a7,star wars episode 3 revenge of the sith,2005-05-05,3.1,141.0,141.0,2100.0,11.0,167.0,94.0
5c12619079922f90,prince of persia,2008-12-02,3.0,201.0,201.0,2500.0,23.0,535.0,206.0
476a681063a23466,system shock,1994-09-22,3.9,276.0,276.0,544.0,29.0,572.0,294.0
644d80eb000180bc,sonic rush adventure,2007-09-14,3.5,278.0,278.0,1900.0,22.0,389.0,208.0
7c77f99e79ca0e1e,destroy all humans!,2005-06-21,3.2,160.0,160.0,2200.0,16.0,414.0,188.0
712c0186d48efe5f,marvel vs. capcom clash of super heroes,1998-01-12,3.7,269.0,269.0,2000.0,8.0,143.0,100.0
92d7dfd429f53af4,the world ends with you final remix,2018-09-27,4.0,253.0,253.0,1500.0,115.0,737.0,481.0
d84091731bf9223c,ristar,1995-02-16,3.6,233.0,233.0,1200.0,12.0,355.0,175.0
92e6d2e1e2fa9687,crash team racing nitro fueled,2019-06-21,3.9,408.0,408.0,2500.0,50.0,391.0,294.0
c75391b70ece98b6,mega man x6,2001-11-29,2.3,308.0,308.0,1900.0,18.0,461.0,119.0
a7b54274e2666c05,slender the eight pages,2012-06-26,2.0,123.0,123.0,2700.0,3.0,73.0,50.0
936ef7ee9e996338,mark of the ninja,2012-09-07,3.8,193.0,193.0,1900.0,14.0,507.0,191.0
8bafc6720fb8e4ec,octodad dadliest catch,2014-01-30,3.2,169.0,169.0,2500.0,12.0,407.0,180.0
73eeb619f0d00064,dragon ball z budokai tenkaichi,2005-10-06,2.9,96.0,96.0,1700.0,2.0,69.0,29.0
5cad1c7d792e0844,the king of fighters xv,2022-02-16,4.0,226.0,226.0,718.0,81.0,164.0,271.0
748a66e8b1b55c5f,killing floor 2,2016-11-18,3.1,195.0,195.0,2800.0,33.0,501.0,66.0
4d659f1e064e6241,ape escape 3,2005-07-14,4.3,247.0,247.0,874.0,24.0,399.0,231.0
7156a8b654566191,the simpsons arcade game,1991-03-04,3.3,139.0,139.0,1500.0,5.0,82.0,76.0
8e103d8e04545db3,toy story 2 buzz lightyear to the rescue!,1999-11-22,3.4,245.0,245.0,2300.0,26.0,262.0,117.0
b503f9784ed050b5,rayman raving rabbids,2006-11-19,2.7,137.0,137.0,2700.0,9.0,191.0,63.0
6dd47e6dc66d0a87,prototype 2,2012-04-24,3.0,140.0,140.0,2400.0,10.0,408.0,198.0
8d3cc21695f56b7d,madworld,2009-03-10,3.5,283.0,283.0,1100.0,19.0,683.0,441.0
d90e79a2c5d95aa3,call of duty 3,2006-11-07,2.8,231.0,231.0,2900.0,8.0,239.0,122.0
1fd7bff9b56512c3,shadow warrior,2013-09-26,3.2,161.0,161.0,1700.0,21.0,571.0,114.0
3f6f9beb924cfb63,warcraft 3 the frozen throne,2003-07-01,4.3,159.0,159.0,2600.0,14.0,181.0,73.0
2a71d966689d3604,yakuza 4,2010-03-08,3.8,295.0,295.0,1400.0,38.0,596.0,255.0
699a65aa22493c70,megami ibunroku persona,1996-09-20,3.7,16.0,16.0,16.0,0.0,13.0,15.0
ee86d1ed93188901,persona 4 arena,2012-03-01,3.4,195.0,195.0,1900.0,22.0,313.0,171.0
34d348a29f4f46c5,scribblenauts,2009-09-15,3.2,151.0,151.0,3200.0,3.0,155.0,80.0
f05368445e901a6b,rock band 2,2008-09-14,4.0,180.0,180.0,2000.0,10.0,56.0,29.0
509add3ba6c91877,armored core 4,2006-12-21,3.7,92.0,92.0,252.0,15.0,232.0,162.0
456b5d3b83f04e8d,rez infinite,2016-10-13,4.0,222.0,222.0,713.0,20.0,451.0,154.0
75e7e6addf237f80,plants vs. zombies 2 it's about time,2013-08-15,2.7,80.0,80.0,2400.0,29.0,88.0,22.0
f717e94e0d86ffde,cadence of hyrule crypt of the necrodancer featuring the legend of zelda,2019-06-13,3.6,269.0,269.0,1800.0,39.0,682.0,587.0
9da02c114ddc1fd9,100% orange juice,2009-08-15,3.4,112.0,112.0,1800.0,51.0,292.0,89.0
d14daa60d864f465,tekken 6,2007-11-26,3.4,235.0,235.0,2300.0,15.0,173.0,96.0
f0e59787736ae7ab,mortal kombat 3,1995-04-15,3.1,162.0,162.0,1700.0,4.0,85.0,41.0
f162fe5ebf19ca15,pokémon mystery dungeon explorers of time,2007-09-13,4.0,186.0,186.0,2300.0,13.0,345.0,136.0
cad87703eaabe5fc,chulip,2002-10-03,4.1,296.0,296.0,308.0,31.0,584.0,420.0
d797719c115d51a0,crash nitro kart,2003-11-11,3.1,141.0,141.0,1700.0,4.0,139.0,52.0
896ed8d5ef16fc2f,bubble bobble,1986-06-16,3.3,187.0,187.0,1400.0,3.0,110.0,57.0
0cf89b77c44036f3,shantae half genie hero,2016-12-20,3.4,196.0,196.0,1500.0,41.0,562.0,289.0
acb971041279ca8f,snake,1997-12-18,3.1,67.0,67.0,2400.0,6.0,26.0,9.0
29361e217cecd5e5,tales of vesperia,2008-08-07,3.9,196.0,196.0,1100.0,57.0,490.0,199.0
d5fe34d2748fee65,mega man x8,2004-12-07,3.3,239.0,239.0,1400.0,17.0,438.0,140.0
f445f0efee6436ff,fire emblem new mystery of the emblem,2010-07-15,3.7,246.0,246.0,848.0,23.0,503.0,212.0
f3693330a24d2610,mario & luigi superstar saga + bowser's minions,2017-10-05,3.9,201.0,201.0,1100.0,48.0,477.0,201.0
c9c608be0bbcc999,suikoden,1995-12-15,3.6,270.0,270.0,933.0,32.0,776.0,360.0
dff15371fea78afa,binary domain,2012-02-16,3.5,234.0,234.0,1100.0,9.0,598.0,192.0
908153c351779796,shin megami tensei devil survivor,2009-01-15,3.9,219.0,219.0,1000.0,47.0,667.0,343.0
2f69f03f5dbe13fe,jojo's bizarre adventure eyes of heaven,2015-12-17,2.8,106.0,106.0,1700.0,36.0,276.0,196.0
ebc859834be8b269,audiosurf,2008-02-15,3.2,82.0,82.0,1600.0,8.0,77.0,27.0
be0ca4f1ffed5026,better call saul kart,2022-09-30,4.2,8.0,8.0,26.0,1.0,10.0,12.0
c3965b4fc1b86583,the secret of monkey island,1990-10-01,4.1,312.0,312.0,1400.0,13.0,418.0,298.0
160550405b3bad8f,resistance fall of man,2006-11-11,3.0,194.0,194.0,1300.0,16.0,280.0,119.0
0086b84617e7a2f5,sniper elite 4,2017-02-13,3.1,184.0,184.0,1500.0,40.0,483.0,108.0
96fa3c84ce591bf1,metal gear solid hd collection,2011-11-08,4.5,118.0,118.0,1500.0,31.0,464.0,230.0
31fa62e7fa375378,the simpsons road rage,2001-11-19,2.9,103.0,103.0,1700.0,6.0,146.0,61.0
f2cd1c976b948c95,melty blood actress again current code,2010-07-29,4.1,242.0,242.0,1900.0,81.0,211.0,184.0
a2158932e1252637,path of exile,2013-10-23,3.3,130.0,130.0,2400.0,77.0,319.0,55.0
f3bb6c08231b56ff,machinarium,2009-10-16,3.7,222.0,222.0,1600.0,18.0,473.0,242.0
2532620f338a7176,guacamelee!,2013-04-09,3.5,191.0,191.0,1800.0,8.0,371.0,133.0
957553a9e8873804,tales of zestiria,2015-01-22,2.7,273.0,273.0,1700.0,76.0,1000.0,264.0
c6cb896cb162c36b,black,2006-02-24,3.4,233.0,233.0,2100.0,19.0,359.0,196.0
185efdd10de97785,mario super sluggers,2008-06-19,3.7,153.0,153.0,1800.0,4.0,133.0,81.0
621d39f61cf70998,worms armageddon,1999-01-29,3.8,180.0,180.0,2100.0,15.0,150.0,57.0
e6d35aa24d58eaff,street fighter 2 turbo,1993-07-11,3.7,174.0,174.0,1600.0,5.0,89.0,50.0
4adf729f1b5dd6fd,tekken 4,2001-07-01,3.4,243.0,243.0,1900.0,9.0,144.0,109.0
2b62ec804b1f571d,legacy of kain soul reaver,1999-08-16,3.7,260.0,260.0,1300.0,22.0,833.0,328.0
94e4bea04e7b01d8,mega man x7,2003-07-17,1.4,231.0,231.0,1300.0,6.0,385.0,113.0
977400bf1032e846,final fantasy 1 & 2 dawn of souls,2004-07-29,3.4,93.0,93.0,1100.0,26.0,207.0,63.0
d2d7ebea4f76a9f1,mega man zx,2006-07-06,3.7,239.0,239.0,1300.0,29.0,540.0,159.0
44a928556b516f4e,metal gear 2 solid snake,1990-07-20,3.5,306.0,306.0,1200.0,19.0,501.0,183.0
b08f3cd478002df8,the missing j.j. macfield and the island of memories,2018-10-11,3.8,241.0,241.0,779.0,30.0,491.0,366.0
ac3ff7c3adf3ac20,silent hill 2 restless dreams,2001-12-19,4.5,90.0,90.0,514.0,14.0,130.0,81.0
1e7e36472828dc83,friday the 13th the game,2017-05-25,2.6,170.0,170.0,2200.0,12.0,198.0,67.0
11624d55d3541e26,quake 2,1997-12-09,3.4,242.0,242.0,1500.0,18.0,469.0,162.0
1c39e5ef0695b682,nba jam,1993-06-02,3.6,106.0,106.0,847.0,0.0,64.0,23.0
fdd9b9dcfe10031b,final fantasy 10 hd remaster,2013-12-26,4.3,139.0,139.0,867.0,48.0,300.0,76.0
e35f86127dfc55c3,mario vs. donkey kong,2004-05-24,3.3,171.0,171.0,1500.0,16.0,252.0,92.0
9c02578d0be32fbe,kenshi,2018-12-06,4.0,90.0,90.0,527.0,49.0,279.0,257.0
e14846d72ad069d8,remember me,2013-06-03,2.9,179.0,179.0,1600.0,22.0,526.0,239.0
08903a7fdbd9163e,alpha protocol,2010-05-28,3.3,170.0,170.0,987.0,9.0,511.0,182.0
b7004834f74262f6,indivisible,2019-10-08,3.1,211.0,211.0,969.0,56.0,839.0,349.0
4191aac0fc852d5e,jazzpunk,2014-02-07,3.6,122.0,122.0,935.0,5.0,213.0,165.0
e9ce75965521779e,need for speed hot pursuit,2010-11-16,3.3,148.0,148.0,2000.0,23.0,182.0,54.0
cd08fc3b94c72caa,the house in fata morgana a requiem for innocence,2015-08-16,4.3,123.0,123.0,625.0,34.0,275.0,180.0
83abb68e59335348,phantom brigade,2023-02-28,2.8,16.0,16.0,16.0,10.0,30.0,51.0
d45ef68d7b594bee,altered beast,1988-08-01,2.5,211.0,211.0,1500.0,2.0,154.0,55.0
47c49d0c1604029a,broken age,2014-01-28,3.1,180.0,180.0,1300.0,21.0,663.0,139.0
55e53ef1610e0e27,telling lies,2019-08-23,2.8,186.0,186.0,646.0,15.0,244.0,163.0
e92c93bae3636564,saints row gat out of hell,2015-01-20,2.4,159.0,159.0,2000.0,13.0,412.0,75.0
8b694247be6ee532,ratchet & clank size matters,2007-02-13,2.8,172.0,172.0,1500.0,10.0,287.0,115.0
acc0770c98de535f,mario hoops 3 on 3,2006-07-27,3.5,132.0,132.0,1800.0,2.0,134.0,69.0
63537755454d453a,mario power tennis,2004-10-28,3.5,150.0,150.0,1900.0,6.0,146.0,91.0
a508f59a4b01db88,keep talking and nobody explodes,2015-07-16,3.7,144.0,144.0,2000.0,26.0,198.0,106.0
d8ae1c526ca31bc7,the swapper,2013-05-30,3.4,130.0,130.0,1100.0,10.0,341.0,93.0
c05bdaf884b9fc40,ms. pac man,1982-02-03,3.6,198.0,198.0,1600.0,1.0,45.0,38.0
f8906460e1e66f51,gun,2005-11-05,3.3,131.0,131.0,1400.0,5.0,276.0,152.0
3b9fcfbe1b879686,naruto ultimate ninja 3,2005-12-22,3.5,120.0,120.0,1900.0,2.0,67.0,32.0
a6fc0f5d434518f1,the ultimate doom,1995-04-30,4.1,148.0,148.0,1200.0,36.0,205.0,71.0
d5d8edcd586b7c56,superman the new superman adventures,1999-05-31,0.7,69.0,69.0,859.0,2.0,76.0,55.0
7bde05b57c457f17,ruiner,2017-09-26,3.2,177.0,177.0,1100.0,38.0,701.0,177.0
0ceddc9e625aa7c6,the lord of the rings the two towers,2002-10-21,3.3,100.0,100.0,1600.0,8.0,172.0,72.0
6fdd6d80e016399f,dragon quest 2 luminaries of the legendary line,2005-12-31,3.0,215.0,215.0,891.0,40.0,399.0,167.0
0c6602d457a3ffe1,chivalry medieval warfare,2012-10-16,2.9,73.0,73.0,1600.0,2.0,143.0,23.0
428eefa586310f48,fifa 14,2013-09-24,3.2,92.0,92.0,2200.0,8.0,52.0,13.0
4da37f7919a0fa51,bit.trip runner,2010-05-14,3.1,58.0,58.0,1200.0,7.0,195.0,57.0
39762cb4da08c9a6,pokémon pinball ruby & sapphire,2003-08-01,3.5,135.0,135.0,1600.0,23.0,136.0,69.0
29478e0abfa4a3df,fifa 13,2012-09-25,3.2,62.0,62.0,1600.0,2.0,34.0,12.0
2bd67ffd4cf25b2e,la mulana,2012-07-13,3.9,170.0,170.0,492.0,30.0,474.0,219.0
6c5e3ad2d5956cfb,the warriors,2005-10-17,3.9,182.0,182.0,927.0,10.0,274.0,191.0
af6dbbab56f236c5,mortal kombat xl,2016-03-01,3.6,95.0,95.0,1100.0,10.0,128.0,32.0
648605d828de31e7,anonymous;code,2022-07-28,4.2,40.0,40.0,8.0,1.0,57.0,156.0
196328f57b75ec7c,higurashi no naku koro ni chapter 2 watanagashi,2002-12-29,3.7,118.0,118.0,1200.0,49.0,242.0,92.0
4e5eff6e799b2fd6,aokana four rhythms across the blue,2016-01-08,3.9,32.0,32.0,164.0,20.0,127.0,101.0
67e8c70fffb3275a,shantae and the seven sirens,2020-03-27,3.5,118.0,118.0,512.0,31.0,384.0,331.0
8d9134b447e61aa9,mega man zx advent,2007-07-12,3.6,173.0,173.0,976.0,19.0,462.0,110.0
f421cedc43b468a6,peggle deluxe,2007-03-06,3.7,69.0,69.0,939.0,18.0,70.0,13.0
8c5fc1e05707da44,slither.io,2016-03-25,2.2,46.0,46.0,2100.0,1.0,21.0,4.0
1bb49c201b66f6ba,twisted metal,1995-11-05,3.1,117.0,117.0,986.0,1.0,148.0,81.0
f765e80dcb7c90db,dragon age origins awakening,2010-03-16,3.9,50.0,50.0,1000.0,14.0,200.0,54.0
555ce845c3c09fd9,parasite eve 2,1999-12-16,3.4,229.0,229.0,763.0,16.0,657.0,344.0
fa419e37d90ed904,the jackbox party pack,2014-11-18,2.9,102.0,102.0,1400.0,6.0,93.0,27.0
45ef825c91312b55,tom clancy's splinter cell pandora tomorrow,2004-03-23,3.4,137.0,137.0,1000.0,7.0,317.0,123.0
d16441dd9e32e502,payday the heist,2011-10-18,2.9,55.0,55.0,1300.0,4.0,135.0,23.0
744466bfc00bb404,pokémon rumble blast,2011-08-11,2.9,96.0,96.0,1200.0,8.0,95.0,39.0
eaef916f07760548,nicktoons unite!,2005-10-26,2.5,52.0,52.0,785.0,2.0,50.0,28.0
949f866c14952610,ruined king a league of legends story,2021-11-16,3.6,68.0,68.0,413.0,63.0,243.0,246.0
c7bd0d4c20f063c4,picross s3,2019-04-25,3.9,26.0,26.0,187.0,16.0,34.0,26.0
dc0a2710576167e9,lisa the joyful,2015-08-24,3.7,126.0,126.0,1000.0,7.0,358.0,233.0
d4e19e650b3bedff,the king of fighters '98,1998-07-23,3.9,231.0,231.0,1500.0,15.0,137.0,88.0
e9f3ee495b2c9cf3,kingdoms of amalur reckoning,2012-02-07,3.2,99.0,99.0,1200.0,22.0,365.0,106.0
17530710d078d948,grand theft auto,1997-10-21,2.5,181.0,181.0,1600.0,4.0,225.0,109.0
c48689736becbfdc,europa universalis 4,2013-08-13,3.8,135.0,135.0,1300.0,76.0,426.0,72.0
c76c44ccbf3c0832,guitar hero 5,2009-09-01,3.2,63.0,63.0,1100.0,0.0,65.0,22.0
d5ae0899e41acbd5,silent hill homecoming,2008-09-30,2.1,206.0,206.0,1300.0,18.0,382.0,227.0
3218bf5cdc6dafa3,mighty no. 9,2016-06-21,1.6,137.0,137.0,907.0,5.0,263.0,71.0
475d41cc409741c0,dragon ball gt final bout,1997-08-21,1.8,83.0,83.0,1200.0,2.0,39.0,23.0
28d08c8a24e74d45,killzone 3,2011-02-22,3.1,155.0,155.0,1300.0,6.0,249.0,91.0
b3f797ae79ff8ea2,wwe smackdown vs. raw 2008,2007-11-09,3.1,62.0,62.0,1400.0,1.0,34.0,16.0
b2b6baf409aa076f,children of morta,2019-09-03,3.4,153.0,153.0,727.0,54.0,385.0,136.0
6629f081ead794d6,the godfather,2006-03-21,3.6,121.0,121.0,1100.0,2.0,196.0,136.0
6c0d6aaa904fc749,billy hatcher and the giant egg,2003-09-23,3.1,133.0,133.0,797.0,12.0,322.0,212.0
cae579d686c934fd,tekken tag tournament 2,2011-09-14,3.8,211.0,211.0,1700.0,7.0,140.0,95.0
830115caf8cdc1df,bloons td 5,2011-12-14,3.6,62.0,62.0,1600.0,15.0,46.0,13.0
ff6f0d575395aa41,jojo's bizarre adventure,1999-10-31,3.7,65.0,65.0,634.0,10.0,93.0,82.0
2b636d0099372aae,another world,1991-12-31,3.3,232.0,232.0,939.0,8.0,332.0,201.0
924e5a9fa6799074,back to the future the game,2010-12-22,3.2,94.0,94.0,763.0,5.0,223.0,67.0
4bd8fcafe78f6ede,team sonic racing,2019-05-21,2.9,264.0,264.0,1500.0,49.0,413.0,107.0
a62c995978ddc586,dragon's dogma,2012-05-22,3.7,210.0,210.0,1100.0,45.0,487.0,206.0
a920d43300c7e9a6,baldur's gate 3,2020-10-06,4.1,165.0,165.0,269.0,79.0,388.0,602.0
70f321d30d318c10,the lego movie videogame,2014-02-04,2.8,184.0,184.0,1700.0,11.0,239.0,73.0
